Country Name,Year,Account ownership at a financial institution or with a mobile-money-service provider (% of population ages 15+),"Account ownership at a financial institution or with a mobile-money-service provider, poorest 40% (% of population ages 15+)",Domestic credit to private sector (% of GDP),Domestic credit to private sector by banks (% of GDP),Bank nonperforming loans to total gross loans (%),Bank capital to assets ratio (%),Broad money (% of GDP),Broad money growth (annual %),"Commercial bank branches (per 100,000 adults)","Automated teller machines (ATMs) (per 100,000 adults)","Borrowers from commercial banks (per 1,000 adults)","Depositors with commercial banks (per 1,000 adults)",Market capitalization of listed domestic companies (% of GDP),"Stocks traded, total value (% of GDP)","Stocks traded, turnover ratio of domestic shares (%)",FDI
Albania,2021,,,,,,,,,,,,,,,,
Albania,2021,3.737219043198648,3.267033877868195,3.549693734184749,3.470959849022473,0.9248757353209229,2.163122943428362,4.370181186000488,2.135446311736014,2.7694084399518264,3.517764481045331,4.954398327738106,6.837137267068488,4.071611734794018,3.529075770284782,3.712903298269079,51.05848990314406
Albania,2022,,,,,,,,,,,,,,,,
Albania,2022,3.737219043198648,3.267033877868195,3.4762806711201737,3.399999424335648,1.0423316759784882,2.134785121765909,4.2793942963305565,1.573206950608107,2.817106042993604,4.09435315757557,4.912739446769512,6.865122032269436,3.9210523049160178,3.395447459449998,3.639141274750644,50.38217078634541
Albania,2023,,,,,,,,,,,,,,,,
Albania,2023,4.267436011574152,4.189795067314174,3.434957994200072,3.3528786746093013,1.3964673926673579,2.1731540273887227,4.207339950225541,0.8503609201438797,2.7970153274501746,4.09435315757557,4.9240297684317325,6.953661154341953,3.999266767780342,3.464564877735565,3.67672556872098,54.49450446192802
Argentina,2021,,,,,,,,,,,,,,,,
Argentina,2021,4.206959271814909,4.116149036256817,2.5613474943290835,2.401532136015112,1.1508155727354628,2.5403616424865216,3.3836769119476577,3.8824418903558806,2.53743673723552,4.082229458176873,5.773012423880738,6.662250755262825,2.133099009008191,-0.6206181029764263,1.824397411518274,46.72903018729353
Argentina,2022,,,,,,,,,,,,,,,,
Argentina,2022,4.239748677276883,4.146253214804603,2.5350322343840226,2.3467624940890217,1.4751141086555206,2.6645361118470974,3.4308422860475005,4.402981326058718,2.527701904450187,4.09435315757557,5.830056769104028,6.700943667304337,2.1082903918582776,0.2293513905519297,2.684286719629079,50.74173532173687
Argentina,2023,,,,,,,,,,,,,,,,
Argentina,2023,4.267436011574152,4.189795067314174,2.7102075353723376,2.45479786939133,1.3964673926673579,2.1731540273887227,3.538270690624016,4.975430705148013,2.4947447113197634,4.09435315757557,5.852415252970441,6.721513220587664,3.999266767780342,3.464564877735565,3.67672556872098,54.510345185539
Armenia,2021,,,,,,,,,,,,,,,,
Armenia,2021,3.956645193864558,3.7650200381465737,4.061727539564786,4.0175390783267,1.995401281205672,2.398763250923133,3.939585930605783,2.549415977295537,3.207751123593129,4.143868371666615,5.683105875348143,6.812550953979721,-1.556482602643148,-6.054566470996536,0.2492904237298731,45.790435018222375
Armenia,2022,,,,,,,,,,,,,,,,
Armenia,2022,3.956645193864558,3.7650200381465737,3.9062635827085113,3.863460321191632,1.728146046197513,2.593140452170191,3.89469239837782,2.7516374559197283,3.2206467279069697,4.09435315757557,5.694598139702335,6.889219754708911,0.2581538397000331,-4.451037062746786,-0.0350099893066159,48.09404016113222
Armenia,2023,,,,,,,,,,,,,,,,
Armenia,2023,4.267436011574152,4.189795067314174,3.961644896722533,3.9249365565043455,1.3964673926673579,2.1731540273887227,3.947440079075959,2.8272802419897176,3.169891218618635,4.09435315757557,5.716849047814561,6.937132465448944,3.999266767780342,3.464564877735565,3.67672556872098,59.865344634486576
Australia,2021,,,,,,,,,,,,,,,,
Australia,2021,4.52359349956878,4.513604000327513,4.846267506897632,4.846267506897632,2.6915505308992973,1.807808906175154,4.849886783945171,1.8892067787935,3.0152056308925164,4.734981562734639,5.683105875348143,6.812550953979721,4.716439831913087,4.165280126721388,3.978276847665081,69.95533822490856
Australia,2022,,,,,,,,,,,,,,,,
Australia,2022,4.52359349956878,4.513604000327513,4.813242110095138,4.813242110095138,2.9266079663007907,1.7578197601525236,4.8157497524602615,2.044284676879342,2.9292458246494943,4.09435315757557,5.694598139702335,6.889219754708911,4.523484888876412,4.104189313724064,4.110921139053184,69.70645818763339
Australia,2023,,,,,,,,,,,,,,,,
Australia,2023,4.267436011574152,4.189795067314174,4.764554581733171,4.764554581733171,1.3964673926673579,2.1731540273887227,4.759396666743225,1.3627739147998297,2.7966799346431825,4.09435315757557,5.716849047814561,6.937132465448944,3.999266767780342,3.464564877735565,3.67672556872098,63.25459902155489
Austria,2021,,,,,,,,,,,,,,,,
Austria,2021,4.529711997560428,4.530195927798776,4.460605659671627,4.457535464186413,1.8673803651497805,2.032089065331113,4.2561310510639645,2.488335238804499,2.490240947719081,5.0353253759711984,5.683105875348143,6.812550953979721,3.4794772118068416,1.978614758359993,3.040895283781752,62.38817081662504
Austria,2022,,,,,,,,,,,,,,,,
Austria,2022,4.239748677276883,4.146253214804603,4.422351118333616,4.419471428133808,1.9134690304020534,2.0537874571950594,4.200978713659815,2.3174486825525635,2.417492885592313,4.09435315757557,5.694598139702335,6.889219754708911,3.2235254091390195,2.054941780100957,3.372786295810201,59.71363555385742
Austria,2023,,,,,,,,,,,,,,,,
Austria,2023,4.267436011574152,4.189795067314174,4.371957702726925,4.368830922179316,1.3964673926673579,2.1731540273887227,4.20006112206934,2.5658460158646195,2.378331572829892,4.09435315757557,5.716849047814561,6.937132465448944,3.999266767780342,3.464564877735565,3.67672556872098,61.11713883894333
Bangladesh,2021,,,,,,,,,,,,,,,,
Bangladesh,2021,3.9109900762565606,3.831211759228817,3.618052968216171,3.614983774862933,0.539788411984027,1.5520277585654485,3.978983845300327,2.1990917845224534,2.1613450282700595,2.41686856792694,4.385056557819756,6.68503374057196,3.2250430094997817,2.2767588788347584,3.5909677200162675,43.40761387263028
Bangladesh,2022,,,,,,,,,,,,,,,,
Bangladesh,2022,4.239748677276883,4.146253214804603,3.61489605046088,3.611996059566354,0.45060068236294804,1.8899403544357565,3.934764902506312,2.000763991812174,2.162136742795447,4.09435315757557,4.4041485741743,6.723854627519463,2.214690805753673,1.5908362872216142,3.9168335180951206,47.041125423080636
Bangladesh,2023,,,,,,,,,,,,,,,,
Bangladesh,2023,4.267436011574152,4.189795067314174,3.5814609912826763,3.578619829043656,1.3964673926673579,2.1731540273887227,3.8812437299280735,1.93430444725387,2.1588426418470243,4.09435315757557,4.44613381421271,6.796447822841595,3.999266767780342,3.464564877735565,3.67672556872098,54.20252929190039
Belgium,2021,,,,,,,,,,,,,,,,
Belgium,2021,4.520568446142928,4.510053351212584,4.248400014864453,4.224908515576928,1.8931712683922082,1.8085386875667488,4.2561310510639645,2.488335238804499,3.0917160001166333,4.09435315757557,6.36250030828985,6.812550953979721,4.071611734794018,3.529075770284782,3.712903298269079,63.02576317835772
Belgium,2022,,,,,,,,,,,,,,,,
Belgium,2022,4.239748677276883,4.146253214804603,4.2161818755174325,4.192649895977644,1.9923271270323382,1.7751485261041835,4.200978713659815,2.3174486825525635,3.018163031817762,4.09435315757557,5.694598139702335,6.889219754708911,3.9210523049160178,3.395447459449998,3.639141274750644,60.001043207674854
Belgium,2023,,,,,,,,,,,,,,,,
Belgium,2023,4.267436011574152,4.189795067314174,4.184378931460418,4.162437852881493,1.3964673926673579,2.1731540273887227,4.20006112206934,2.5658460158646195,2.84298120958708,4.09435315757557,5.716849047814561,6.937132465448944,3.999266767780342,3.464564877735565,3.67672556872098,60.80137120845838
Bosnia and Herzegovina,2021,,,,,,,,,,,,,,,,
Bosnia and Herzegovina,2021,4.306077206931333,4.215854985523038,3.9197736543021735,3.843611882579433,0.8567814516451746,2.281238761007713,4.320254686279001,2.4265677788228017,3.360321688639895,4.005258150404969,5.677508786507332,6.812550953979721,4.071611734794018,3.529075770284782,3.712903298269079,59.15684246145009
Bosnia and Herzegovina,2022,,,,,,,,,,,,,,,,
Bosnia and Herzegovina,2022,4.306077206931333,4.215854985523038,3.820138732000872,3.7408557016498687,1.0955947886638377,2.272950252522921,4.223552479550063,1.6892869358466245,3.342512460505532,4.09435315757557,5.692753343366347,6.889219754708911,3.9210523049160178,3.395447459449998,3.639141274750644,58.21683910516002
Bosnia and Herzegovina,2023,,,,,,,,,,,,,,,,
Bosnia and Herzegovina,2023,4.267436011574152,4.189795067314174,3.807497127728277,3.723279146879848,1.3964673926673579,2.1731540273887227,4.210584215052831,2.0230602702977016,3.33334784500144,4.09435315757557,5.702373646547531,6.937132465448944,3.999266767780342,3.464564877735565,3.67672556872098,58.96656436889936
Brazil,2021,,,,,,,,,,,,,,,,
Brazil,2021,4.361844725546949,4.33779883867674,4.167929312638015,4.167929311073373,1.8698801199906117,2.1545489838789,4.563157975936645,2.483960037842494,2.815977103892056,4.475139085057404,6.40150983861064,6.491657121888757,3.8349223486293873,4.365778298046669,5.058338943034099,65.72896443736116
Brazil,2022,,,,,,,,,,,,,,,,
Brazil,2022,4.239748677276883,4.146253214804603,4.192994048584756,4.192994045858762,1.632153727694177,2.153784019644436,4.570948138328707,2.522500123111185,2.779085254830719,4.09435315757557,6.443106766848097,6.566492191531029,3.65754519777804,4.130463920349247,5.000085294016062,63.74863849496298
Brazil,2023,,,,,,,,,,,,,,,,
Brazil,2023,4.267436011574152,4.189795067314174,4.20718477567384,4.207184773179828,1.3964673926673579,2.1731540273887227,4.63174752948046,2.6616120979079643,2.747485928138286,4.09435315757557,6.447970497831349,6.652190340190008,3.999266767780342,3.464564877735565,3.67672556872098,62.31454450980961
Bulgaria,2021,,,,,,,,,,,,,,,,
Bulgaria,2021,4.361037420992799,4.23682277467755,3.820778262308046,3.8197616355072657,0.8295260396753161,2.385719463248442,4.429250764187456,2.350158774109165,4.053939680895365,4.419345491675005,5.902451813033509,7.04190816494564,2.972016200641943,-1.076230232224699,0.5279809750910516,54.201248965462845
Bulgaria,2022,,,,,,,,,,,,,,,,
Bulgaria,2022,4.239748677276883,4.146253214804603,3.749421547779121,3.748514001493583,1.098024771136559,2.2755595211662785,4.367876363465565,2.556202743834453,4.302445098383017,4.09435315757557,5.828550931796001,7.062852410644319,2.823316906224564,-0.9323798862783428,0.8212726665489126,53.832105039640965
Bulgaria,2023,,,,,,,,,,,,,,,,
Bulgaria,2023,4.267436011574152,4.189795067314174,3.760459026094777,3.7595294099679895,1.3964673926673579,2.1731540273887227,4.356152219260197,2.14648502323868,4.449589261441735,4.09435315757557,5.825778363076915,7.065285505831627,3.999266767780342,3.464564877735565,3.67672556872098,61.12474615674605
Canada,2021,,,,,,,,,,,,,,,,
Canada,2021,4.526609058538614,4.524080520675882,4.170932134337954,4.076854555863272,3.576000078962745,1.5532400990318027,4.2561310510639645,2.488335238804499,2.997075143291493,5.257324930475226,5.683105875348143,6.812550953979721,4.999756705777324,4.614352486586535,4.143450130529974,68.64425277182055
Canada,2022,,,,,,,,,,,,,,,,
Canada,2022,4.526609058538614,4.524080520675882,4.113243471296957,4.024253218044108,3.6753092098946705,1.5749897144793052,4.200978713659815,2.3174486825525635,2.952398241175792,4.09435315757557,5.694598139702335,6.889219754708911,4.761147064428553,4.568703035732735,4.337422997762128,67.4030875724259
Canada,2023,,,,,,,,,,,,,,,,
Canada,2023,4.267436011574152,4.189795067314174,4.091589113296972,3.998833360966371,1.3964673926673579,2.1731540273887227,4.20006112206934,2.5658460158646195,2.9147439517896734,4.09435315757557,5.716849047814561,6.937132465448944,3.999266767780342,3.464564877735565,3.67672556872098,60.328734586157175
Colombia,2021,,,,,,,,,,,,,,,,
Colombia,2021,4.030466197298305,3.8114180866073,3.816352005005917,3.815960611769818,1.4945346290896147,2.480926434674138,3.943852737648511,2.459717346998202,2.516225655145641,3.641154528852299,5.429171528746157,7.17612167319412,3.307550155867592,0.8086905832604647,2.053700092244462,54.09436996723041
Colombia,2022,,,,,,,,,,,,,,,,
Colombia,2022,4.030466197298305,3.8114180866073,3.738475010526676,3.7381207428409504,1.6995494597829626,2.3536404943524905,3.837019008504944,2.323630340752956,2.5267813563730903,4.09435315757557,5.528124786019411,7.218830635405445,2.9545783879460634,0.6313769423600017,2.2337293019146043,53.651555454401965
Colombia,2023,,,,,,,,,,,,,,,,
Colombia,2023,4.267436011574152,4.189795067314174,3.687683188430568,3.68725427467894,1.3964673926673579,2.1731540273887227,3.828763764537134,1.7935588024510103,2.528247651644225,4.09435315757557,5.519242449715216,7.189847125942193,3.999266767780342,3.464564877735565,3.67672556872098,56.76124256608577
Costa Rica,2021,,,,,,,,,,,,,,,,
Costa Rica,2021,4.16347411700789,3.989098189141475,3.978165096625197,3.96029231836553,1.7880684203634871,1.9915816163137947,3.932776092219121,2.15444382488688,2.762816461282923,4.110178863136198,5.3395393535566935,7.1680701213364815,1.1401847202091693,-3.0334112388284407,0.4584426067077022,47.70608064066187
Costa Rica,2022,,,,,,,,,,,,,,,,
Costa Rica,2022,4.16347411700789,3.989098189141475,3.9082657487382586,3.889486878837482,1.8558941324871392,2.2528040865898413,3.807098615353816,-1.2862740321427866,2.7355006985761934,4.09435315757557,5.3753322388165605,7.25508618993864,1.1655811002765784,-2.7900983133753043,0.6704141112924751,45.21137530971707
Costa Rica,2023,,,,,,,,,,,,,,,,
Costa Rica,2023,4.267436011574152,4.189795067314174,3.8793651038174657,3.859743905837097,1.3964673926673579,2.1731540273887227,3.806669533594299,1.5949006644312786,2.7355006985761934,4.09435315757557,5.3753322388165605,7.25508618993864,3.999266767780342,3.464564877735565,3.67672556872098,57.450413074649965
Cote d'Ivoire,2021,,,,,,,,,,,,,,,,
Cote d'Ivoire,2021,3.872499575921545,3.7336869991166273,3.0114599801590547,3.010543784557679,1.3207159901784808,2.1707382893318745,3.600054645879016,2.900436012768067,1.5473317968532914,1.9792045119805743,5.683105875348143,5.718464835063924,4.071611734794018,3.529075770284782,3.712903298269079,46.43267200167903
Cote d'Ivoire,2022,,,,,,,,,,,,,,,,
Cote d'Ivoire,2022,3.872499575921545,3.7336869991166273,3.015201148491005,3.0143719444223995,1.4785378296904343,2.175563809910606,3.6049796168293033,2.17819616824086,1.4274778469329148,4.09435315757557,5.694598139702335,5.516097248713324,3.9210523049160178,3.395447459449998,3.639141274750644,47.389079847631564
Cote d'Ivoire,2023,,,,,,,,,,,,,,,,
Cote d'Ivoire,2023,4.267436011574152,4.189795067314174,3.0761889572380188,3.0754398758776955,1.3964673926673579,2.1731540273887227,3.5501810451144693,1.1967410419373894,1.4274778469329148,4.09435315757557,5.716849047814561,5.516097248713324,3.999266767780342,3.464564877735565,3.67672556872098,48.46370256150651
Croatia,2021,,,,,,,,,,,,,,,,
Croatia,2021,4.447383359657331,4.366674376248888,3.912126174592272,3.911842547902874,0.8704851145275585,2.433256045286605,4.2561310510639645,2.488335238804499,3.252678634475505,4.860195227729794,6.170284871940613,7.1102572515112135,3.373369752363379,-0.9720746424703448,0.2216069147115543,55.34584104782698
Croatia,2022,,,,,,,,,,,,,,,,
Croatia,2022,4.239748677276883,4.146253214804603,3.868314503393629,3.868058393671842,1.1418741509880839,2.2779168278120525,4.200978713659815,2.3174486825525635,3.2291636721637027,4.09435315757557,6.125088788948526,7.149882509973813,3.262982306561915,-1.076487711646229,0.23100015198321,52.75014047956608
Croatia,2023,,,,,,,,,,,,,,,,
Croatia,2023,4.267436011574152,4.189795067314174,3.800064424986593,3.799799844247745,1.3964673926673579,2.1731540273887227,4.20006112206934,2.5658460158646195,3.170838147163777,4.09435315757557,6.103614584249052,7.141120457732689,3.999266767780342,3.464564877735565,3.67672556872098,60.40259525485608
Cyprus,2021,,,,,,,,,,,,,,,,
Cyprus,2021,4.461309424804964,4.436244798376317,4.399759392859849,4.399068649523285,0.4201644835651175,1.979256683706624,4.2561310510639645,2.488335238804499,3.2736387292651545,3.623223212367187,5.639892420753675,7.016767212801231,2.8932875053431,-2.381017295706334,-0.6810941834094473,49.41473808390602
Cyprus,2022,,,,,,,,,,,,,,,,
Cyprus,2022,4.239748677276883,4.146253214804603,4.203293595697546,4.202600225134948,0.5789433834888027,1.913837899574075,4.200978713659815,2.3174486825525635,3.050910703704861,4.09435315757557,5.639735548497818,6.969268780958658,3.015784334437277,-1.9147271928022624,-0.3457377176584731,47.9293784405152
Cyprus,2023,,,,,,,,,,,,,,,,
Cyprus,2023,4.267436011574152,4.189795067314174,4.077691544296627,4.076851213045609,1.3964673926673579,2.1731540273887227,4.20006112206934,2.5658460158646195,3.0173089935088795,4.09435315757557,5.658762340193072,6.9656162115242575,3.999266767780342,3.464564877735565,3.67672556872098,60.577627924882826
Czechia,2021,,,,,,,,,,,,,,,,
Czechia,2021,4.479943031169903,4.479127032047622,3.896639570668887,3.8965234622310585,2.0692405250198664,1.921579721952995,4.416886764715411,1.8994015982101031,2.844288053760732,4.018850230392174,5.683105875348143,6.812550953979721,2.5322626904801884,0.5427162690199341,2.5695846813999617,56.47509737069157
Czechia,2022,,,,,,,,,,,,,,,,
Czechia,2022,4.239748677276883,4.146253214804603,3.8309072230537424,3.83078126545244,2.2252166548719288,1.891995824962985,4.366555450752079,1.797598757758282,2.780088310595577,4.09435315757557,5.694598139702335,6.889219754708911,2.237894725497549,0.6264601506881365,2.9455952497989912,55.123905088075595
Czechia,2023,,,,,,,,,,,,,,,,
Czechia,2023,4.267436011574152,4.189795067314174,3.8176614151579065,3.8175384597153768,1.3964673926673579,2.1731540273887227,4.381355114047043,2.2568366230338794,2.7063504038700694,4.09435315757557,5.716849047814561,6.937132465448944,3.999266767780342,3.464564877735565,3.67672556872098,59.200402096122495
Denmark,2021,,,,,,,,,,,,,,,,
Denmark,2021,4.530195927798776,4.530195927798776,4.949649127279404,4.949649127279404,2.384295455589792,1.5579476916515578,4.0521122002948005,-0.7391944392431935,2.832837680027682,3.665427814873331,5.683105875348143,6.812550953979721,4.071611734794018,3.529075770284782,3.712903298269079,60.42529251998226
Denmark,2022,,,,,,,,,,,,,,,,
Denmark,2022,4.239748677276883,4.146253214804603,4.874174703420422,4.874174703420422,2.5351124110726104,1.5754391108304884,4.043728670962718,2.2663696473155417,2.8352304709905725,4.09435315757557,5.694598139702335,6.889219754708911,3.9210523049160178,3.395447459449998,3.639141274750644,62.77610440279573
Denmark,2023,,,,,,,,,,,,,,,,
Denmark,2023,4.267436011574152,4.189795067314174,4.899827281128534,4.899827281128534,1.3964673926673579,2.1731540273887227,4.102948430268925,1.56270474771017,2.7875428303100165,4.09435315757557,5.716849047814561,6.937132465448944,3.999266767780342,3.464564877735565,3.67672556872098,62.42095578320625
Dominican Republic,2021,,,,,,,,,,,,,,,,
Dominican Republic,2021,3.8827883640391097,3.6130044667935137,3.291050805778406,3.2471997663544307,2.330760558865287,2.148971673629352,3.6449213546831234,2.5933636832353137,2.386967222608836,3.5886466934774486,5.20828434335107,6.386135807510829,4.071611734794018,3.529075770284782,3.712903298269079,53.30466793431906
Dominican Republic,2022,,,,,,,,,,,,,,,,
Dominican Republic,2022,3.8827883640391097,3.6130044667935137,3.291116739931468,3.252443446212028,2.791927755595015,3.640916353574768,3.552331625794492,1.706578287697868,2.3627889893941,4.09435315757557,5.263338629415284,6.459777011754093,3.9210523049160178,3.395447459449998,3.639141274750644,62.125691937393476
Dominican Republic,2023,,,,,,,,,,,,,,,,
Dominican Republic,2023,4.267436011574152,4.189795067314174,3.3792247933524804,3.3452150940600265,1.3964673926673579,2.1731540273887227,3.600722701859046,2.6475742060610234,2.363156947538691,4.09435315757557,5.362678970334822,6.490694454619136,3.999266767780342,3.464564877735565,3.67672556872098,54.09915659678066
El Salvador,2021,,,,,,,,,,,,,,,,
El Salvador,2021,3.5339406280542445,3.104011834106672,4.053279732552292,3.9056871090536736,1.9976929590409367,2.169072534972903,4.048905042872168,0.8121090240247892,2.2102068966049235,3.5455619943106327,5.683105875348143,6.518299888422011,4.071611734794018,3.529075770284782,3.712903298269079,52.66098162907732
El Salvador,2022,,,,,,,,,,,,,,,,
El Salvador,2022,4.239748677276883,4.146253214804603,4.07279540087417,3.9112491196706696,2.0120692912621547,2.156986799885636,3.999216919187958,1.528373073309781,2.1907914523502314,4.09435315757557,5.694598139702335,6.583698285295279,3.9210523049160178,3.395447459449998,3.639141274750644,58.28389137320593
El Salvador,2023,,,,,,,,,,,,,,,,
El Salvador,2023,4.267436011574152,4.189795067314174,4.060667171612932,3.898543231071036,1.3964673926673579,2.1731540273887227,4.022216989501644,2.167243174084009,2.2106017175271377,4.09435315757557,5.716849047814561,6.6532293766492,3.999266767780342,3.464564877735565,3.67672556872098,57.76867355156845
Estonia,2021,,,,,,,,,,,,,,,,
Estonia,2021,4.524177895280094,4.524956537042111,4.023426823361086,4.0232705791809815,2.5168271129863395,2.208755287764509,4.2561310510639645,2.488335238804499,1.9959569797391128,4.076354930936764,5.974481035259815,7.415818460299999,4.071611734794018,3.529075770284782,3.712903298269079,65.75062927249317
Estonia,2022,,,,,,,,,,,,,,,,
Estonia,2022,4.239748677276883,4.146253214804603,3.98526087640365,3.985167340326944,2.82173644014375,2.2355259894028814,4.200978713659815,2.3174486825525635,1.9080441287453245,4.09435315757557,6.018852647846071,7.428372768827728,3.9210523049160178,3.395447459449998,3.639141274750644,64.30740154445485
Estonia,2023,,,,,,,,,,,,,,,,
Estonia,2023,4.267436011574152,4.189795067314174,4.000592863960912,4.000548937908547,1.3964673926673579,2.1731540273887227,4.20006112206934,2.5658460158646195,1.8678074545033216,4.09435315757557,6.019172016544871,7.454595942830085,3.999266767780342,3.464564877735565,3.67672556872098,60.279797909911814
Fiji,2021,,,,,,,,,,,,,,,,
Fiji,2021,4.29434920032535,4.231453370382992,4.8162519580315095,4.431875258926468,0.4781079755316826,2.3579235834956807,4.616772989614218,2.4143910592500624,2.317162701518643,3.8671211648872967,5.683105875348143,6.812550953979721,4.071611734794018,3.529075770284782,3.712903298269079,61.00487535852908
Fiji,2022,,,,,,,,,,,,,,,,
Fiji,2022,4.239748677276883,4.146253214804603,4.695002336962846,4.296401305612041,0.5095579444960419,2.253334074644921,4.466592633336294,1.616036873124231,2.307503959795499,4.09435315757557,5.694598139702335,6.889219754708911,3.9210523049160178,3.395447459449998,3.639141274750644,58.3485759346144
Fiji,2023,,,,,,,,,,,,,,,,
Fiji,2023,4.267436011574152,4.189795067314174,4.659660016364696,4.257690351085239,1.3964673926673579,2.1731540273887227,4.438727812248278,2.1530824001368267,2.84298120958708,4.09435315757557,5.716849047814561,6.937132465448944,3.999266767780342,3.464564877735565,3.67672556872098,62.113674892254124
Finland,2021,,,,,,,,,,,,,,,,
Finland,2021,4.525637331328094,4.5187096625470655,4.531552474146718,4.516393859252006,2.214742200745128,1.799967884648531,4.2561310510639645,2.488335238804499,1.804038666901031,3.558106789823461,5.683105875348143,6.812550953979721,4.071611734794018,3.529075770284782,3.712903298269079,62.462309763586745
Finland,2022,,,,,,,,,,,,,,,,
Finland,2022,4.239748677276883,4.146253214804603,4.492722276090948,4.477491308545387,2.298861457728688,1.7364724256714816,4.200978713659815,2.3174486825525635,1.7740817026465163,4.09435315757557,5.694598139702335,6.889219754708911,3.9210523049160178,3.395447459449998,3.639141274750644,60.51102698004359
Finland,2023,,,,,,,,,,,,,,,,
Finland,2023,4.267436011574152,4.189795067314174,4.461054887877736,4.446820732953287,1.3964673926673579,2.1731540273887227,4.20006112206934,2.5658460158646195,1.7590207061136844,4.09435315757557,5.716849047814561,6.937132465448944,3.999266767780342,3.464564877735565,3.67672556872098,60.76635011551554
France,2021,,,,,,,,,,,,,,,,
France,2021,4.522813751948105,4.514587967722026,4.712294389010742,4.675802458719319,1.8278143661937787,1.7335644498634404,4.2561310510639645,2.488335238804499,3.455906445856676,4.09435315757557,5.683105875348143,6.812550953979721,4.071611734794018,3.529075770284782,3.712903298269079,64.03811704174177
France,2022,,,,,,,,,,,,,,,,
France,2022,4.239748677276883,4.146253214804603,4.700243267159964,4.6618915509150485,1.8704881884726272,1.6663655601715923,4.200978713659815,2.3174486825525635,3.4276489383888475,4.09435315757557,5.694598139702335,6.889219754708911,3.9210523049160178,3.395447459449998,3.639141274750644,61.538774104003345
France,2023,,,,,,,,,,,,,,,,
France,2023,4.267436011574152,4.189795067314174,4.64609436157566,4.609651476472248,1.3964673926673579,2.1731540273887227,4.20006112206934,2.5658460158646195,3.4004129204654614,4.09435315757557,5.716849047814561,6.937132465448944,3.999266767780342,3.464564877735565,3.67672556872098,63.393782256237564
Georgia,2021,,,,,,,,,,,,,,,,
Georgia,2021,4.191535317663024,4.073870695233012,4.223902677806799,4.18508947396126,1.9719718241066881,2.5445581140426,3.963429829225337,2.413524046143116,3.4101348202125403,4.484520161870436,6.153421005621812,6.774136524665091,4.071611734794018,3.529075770284782,3.712903298269079,64.8683355522143
Georgia,2022,,,,,,,,,,,,,,,,
Georgia,2022,4.191535317663024,4.073870695233012,4.083198491421005,4.040301960145581,2.1855341360107854,2.5385335427941325,3.8880990299883273,2.3807786293270343,3.402729689668905,4.09435315757557,6.163805837151333,6.812766289335901,3.9210523049160178,3.395447459449998,3.639141274750644,64.03871110411252
Georgia,2023,,,,,,,,,,,,,,,,
Georgia,2023,4.267436011574152,4.189795067314174,4.1283782400047935,4.087549915504962,1.3964673926673579,2.1731540273887227,3.9218086014309246,2.677309253269255,3.397345727476341,4.09435315757557,6.130341182932691,6.786284209838898,3.999266767780342,3.464564877735565,3.67672556872098,60.76910465139991
Germany,2021,,,,,,,,,,,,,,,,
Germany,2021,4.530002384953143,4.52961518225522,4.347864950224244,4.3356991054971,1.3207159901784813,2.1707382893318745,4.2561310510639645,2.488335238804499,2.0142937067537487,4.09435315757557,5.683105875348143,6.812550953979721,3.9947481260432096,3.513304563609064,4.05064928343819,62.06643334114897
Germany,2022,,,,,,,,,,,,,,,,
Germany,2022,4.239748677276883,4.146253214804603,4.335763489739502,4.324933513474005,2.389143358849759,1.9326888466877352,4.200978713659815,2.3174486825525635,1.93612652743253,4.09435315757557,5.694598139702335,6.889219754708911,3.7636354839632062,3.3936608158976327,4.162304626672131,61.79119035307122
Germany,2023,,,,,,,,,,,,,,,,
Germany,2023,4.267436011574152,4.189795067314174,4.288032154198356,4.276992878378477,1.3964673926673579,2.1731540273887227,4.20006112206934,2.5658460158646195,1.8777175396250287,4.09435315757557,5.716849047814561,6.937132465448944,3.999266767780342,3.464564877735565,3.67672556872098,60.165255152433986
Greece,2021,,,,,,,,,,,,,,,,
Greece,2021,4.479331096787207,4.445694367047139,3.971407389666183,3.967615642054512,0.146832194484813,1.9283196242609904,4.2561310510639645,2.488335238804499,2.807797900216888,4.098429562172621,5.683105875348143,6.812550953979721,3.2622804387692907,2.0074539447277195,3.2870149110233937,53.57967737510393
Greece,2022,,,,,,,,,,,,,,,,
Greece,2022,4.239748677276883,4.146253214804603,3.900503408986936,3.8968889184198896,0.5147366292870252,1.9215777469225848,4.200978713659815,2.3174486825525635,2.7669367002682845,4.09435315757557,5.694598139702335,6.889219754708911,3.256282531247234,2.1265125136306,3.410960469896055,52.94708323377416
Greece,2023,,,,,,,,,,,,,,,,
Greece,2023,4.267436011574152,4.189795067314174,3.840248564594692,3.836697699773894,1.3964673926673579,2.1731540273887227,4.20006112206934,2.5658460158646195,2.727771940143404,4.09435315757557,5.716849047814561,6.937132465448944,3.999266767780342,3.464564877735565,3.67672556872098,59.22985099266016
Guatemala,2021,,,,,,,,,,,,,,,,
Guatemala,2021,3.564186969028859,3.47855069661659,3.528538704717601,3.5137758812891327,2.053119771061101,1.8738669983791103,4.048212830039918,2.0670530698278062,3.143952288029291,3.562340520827449,4.910969184905748,6.812550953979721,4.071611734794018,3.529075770284782,3.712903298269079,52.504201243597414
Guatemala,2022,,,,,,,,,,,,,,,,
Guatemala,2022,3.564186969028859,3.47855069661659,3.554094681039946,3.5398551633334328,2.3743424205652968,1.847428763916484,4.014565906505111,1.9336180784359345,3.11286063789059,4.09435315757557,4.960304646811391,6.889219754708911,3.9210523049160178,3.395447459449998,3.639141274750644,53.60469110659514
Guatemala,2023,,,,,,,,,,,,,,,,
Guatemala,2023,4.267436011574152,4.189795067314174,3.5674234308951243,3.5534640886164266,1.3964673926673579,2.1731540273887227,3.9755712252890087,1.7900585515441223,3.0935635920294704,4.09435315757557,4.996773634543134,6.937132465448944,3.999266767780342,3.464564877735565,3.67672556872098,56.14714048402938
Honduras,2021,,,,,,,,,,,,,,,,
Honduras,2021,3.586846382614089,3.2562297317546225,4.1526049436989805,4.121469697412644,1.5635787395140721,1.8545724451442187,4.245018092718385,2.236969850378093,2.700716635852524,3.1856375899997955,4.564817381522605,6.812550953979721,4.071611734794018,3.529075770284782,3.712903298269079,52.47553503720954
Honduras,2022,,,,,,,,,,,,,,,,
Honduras,2022,4.239748677276883,4.146253214804603,4.185796583035586,4.163002404161425,1.7368059810110683,1.816545955923208,4.232656335144865,2.4951580508981044,2.7010227057990663,4.09435315757557,4.60940051779889,6.889219754708911,3.9210523049160178,3.395447459449998,3.639141274750644,58.01463095063409
Honduras,2023,,,,,,,,,,,,,,,,
Honduras,2023,4.267436011574152,4.189795067314174,4.258403760162555,4.237304662865524,1.3964673926673579,2.1731540273887227,4.241307077235665,2.3746046545275976,2.7194353707832923,4.09435315757557,4.680940803701182,6.937132465448944,3.999266767780342,3.464564877735565,3.67672556872098,59.680531824013926
Hungary,2021,,,,,,,,,,,,,,,,
Hungary,2021,4.408863892711943,4.329131417914854,3.607474910554948,3.599074048256864,1.3337188893976923,2.168318635311428,4.212603436847794,2.887498326850793,3.076619732222599,4.022300534861149,5.932975968980226,6.954597933942293,2.823917438362596,1.5496702625032948,3.2718104186618664,56.941114060437016
Hungary,2022,,,,,,,,,,,,,,,,
Hungary,2022,4.239748677276883,4.146253214804603,3.5391286770826778,3.5307360823624365,1.2741135280618952,2.1743364721570653,4.118806451534456,2.118922638161775,2.829156311927349,4.09435315757557,5.910710964787216,6.947444815411645,2.577443392303295,1.660812963448835,3.6266014912888944,54.39986569437259
Hungary,2023,,,,,,,,,,,,,,,,
Hungary,2023,4.267436011574152,4.189795067314174,3.453328452281329,3.442974642888957,1.3964673926673579,2.1731540273887227,4.028594276583505,1.2800252411574349,2.7842557311257847,4.09435315757557,5.897100501883168,6.954131775580622,3.999266767780342,3.464564877735565,3.67672556872098,55.886490622808736
Iceland,2021,,,,,,,,,,,,,,,,
Iceland,2021,4.530195927798776,4.530195927798776,4.5407930304644655,4.5407930304644655,1.8784376463378345,2.664402899803491,4.204270452584368,2.3655216392681395,3.235062222112568,4.190571677848383,5.683105875348143,6.812550953979721,4.071611734794018,3.529075770284782,3.712903298269079,68.34407155718596
Iceland,2022,,,,,,,,,,,,,,,,
Iceland,2022,4.239748677276883,4.146253214804603,4.473851178003867,4.473851178003867,2.2645982289676523,2.5756591913645708,4.120567831561682,2.165481746214536,3.196502555986621,4.09435315757557,5.694598139702335,6.889219754708911,3.9210523049160178,3.395447459449998,3.639141274750644,66.27743912603347
Iceland,2023,,,,,,,,,,,,,,,,
Iceland,2023,4.267436011574152,4.189795067314174,4.421181584205632,4.421181584205632,1.3964673926673579,2.1731540273887227,4.096641784162869,2.1027567522051034,3.1143407375914576,4.09435315757557,5.716849047814561,6.937132465448944,3.999266767780342,3.464564877735565,3.67672556872098,61.36650589917193
Indonesia,2021,,,,,,,,,,,,,,,,
Indonesia,2021,3.8914672157932992,3.796198350987596,3.564472248898029,3.42348423780047,1.6324027792055311,2.554310748172725,3.7843131505376144,2.6119649787168617,2.740214489731311,3.819950810706952,5.432629924652695,6.605335324951319,3.833558454300964,2.809878337378869,3.5117574122361925,55.60497915515453
Indonesia,2022,,,,,,,,,,,,,,,,
Indonesia,2022,4.239748677276883,4.146253214804603,3.5185686786049657,3.378245646122076,1.8382832079162483,2.563216165262652,3.723164196353698,2.106823967004717,2.492555316661808,4.09435315757557,5.607972750756977,7.327015789995741,3.782341829398282,2.6670123161706685,3.420994084671605,58.488597876118334
Indonesia,2023,,,,,,,,,,,,,,,,
Indonesia,2023,4.267436011574152,4.189795067314174,3.5383580523895994,3.4010960118455893,1.3964673926673579,2.1731540273887227,3.693903000385682,1.247263084608499,2.437652967034491,4.09435315757557,5.681014299705753,7.343332563525479,3.999266767780342,3.464564877735565,3.67672556872098,55.20216054749147
Ireland,2021,,,,,,,,,,,,,,,,
Ireland,2021,4.526900385158477,4.523301168363859,3.236753926187117,3.236753926187117,1.6938589358267846,2.366983670060633,4.2561310510639645,2.488335238804499,2.740808210248089,3.7533888871787817,5.683105875348143,6.812550953979721,4.071611734794018,3.529075770284782,3.712903298269079,59.76330737208746
Ireland,2022,,,,,,,,,,,,,,,,
Ireland,2022,4.526900385158477,4.523301168363859,3.1988433472180176,3.1988433472180176,2.1261768453872105,2.3393752684682223,4.200978713659815,2.3174486825525635,2.5704603300565405,4.09435315757557,5.694598139702335,6.889219754708911,3.9210523049160178,3.395447459449998,3.639141274750644,60.434744683800126
Ireland,2023,,,,,,,,,,,,,,,,
Ireland,2023,4.267436011574152,4.189795067314174,3.218697645712773,3.218697645712773,1.3964673926673579,2.1731540273887227,4.20006112206934,2.5658460158646195,2.5704603300565405,4.09435315757557,5.716849047814561,6.937132465448944,3.999266767780342,3.464564877735565,3.67672556872098,56.38435667714283
Italy,2021,,,,,,,,,,,,,,,,
Italy,2021,4.503609036493305,4.478412464063285,4.264450933191746,4.244371489063054,1.3968478237147537,1.800274063761192,4.2561310510639645,2.488335238804499,3.4931308792399105,4.411604497532527,6.176259350558316,6.442082195048719,4.071611734794018,3.529075770284782,3.712903298269079,61.25525717224958
Italy,2022,,,,,,,,,,,,,,,,
Italy,2022,4.239748677276883,4.146253214804603,4.17938265599352,4.161517229613161,1.5753232213133885,1.762138181120904,4.200978713659815,2.3174486825525635,3.457024234588934,4.09435315757557,6.182955651630187,6.458938408884364,3.9210523049160178,3.395447459449998,3.639141274750644,58.72868355568226
Italy,2023,,,,,,,,,,,,,,,,
Italy,2023,4.267436011574152,4.189795067314174,4.089559939731728,4.07103713692255,1.3964673926673579,2.1731540273887227,4.20006112206934,2.5658460158646195,3.409241663122068,4.09435315757557,6.226729501861439,6.47831630173929,3.999266767780342,3.464564877735565,3.67672556872098,60.74542218861643
Japan,2021,,,,,,,,,,,,,,,,
Japan,2021,4.515472677675636,4.515276145849101,5.178721836386761,4.712202329997086,2.395191288636681,1.5534452515622763,5.529466383355705,1.0760029705073144,3.473412424308326,4.681534383058864,5.683105875348143,6.812550953979721,4.783722255835164,4.753571330261761,4.499988242536449,70.22146918587862
Japan,2022,,,,,,,,,,,,,,,,
Japan,2022,4.515472677675636,4.515276145849101,5.183862869123576,4.735876683703662,2.3899244967675517,1.3960595229244956,5.538686648855763,0.8169418338903267,3.4726188515591856,4.09435315757557,5.694598139702335,6.889219754708911,4.756767554770502,4.838903789830515,4.612469827188669,68.83440184611682
Japan,2023,,,,,,,,,,,,,,,,
Japan,2023,4.267436011574152,4.189795067314174,5.177916485514417,4.726711607122993,1.3964673926673579,2.1731540273887227,5.507450882432524,0.7675043617102244,3.4728948699963498,4.09435315757557,5.716849047814561,6.937132465448944,3.999266767780342,3.464564877735565,3.67672556872098,65.97623183747793
Kazakhstan,2021,,,,,,,,,,,,,,,,
Kazakhstan,2021,4.327460212759989,4.338980099158897,3.2208330761471493,3.102512424674135,1.4057085480135254,2.433444116380976,3.5340263311869142,3.0020053712763635,2.551882511157232,4.454319256044205,5.683105875348143,6.812550953979721,3.4640163821067858,-0.6756700892351242,0.4228604271463131,50.334787447277684
Kazakhstan,2022,,,,,,,,,,,,,,,,
Kazakhstan,2022,4.327460212759989,4.338980099158897,3.1829812910518944,3.086036580299421,1.3937354487106837,2.389612075213228,3.454691174421441,2.610298201505238,2.499002349284695,4.09435315757557,5.694598139702335,6.889219754708911,2.978288952767152,-1.868519112666308,-0.261674391109059,47.043194473910496
Kazakhstan,2023,,,,,,,,,,,,,,,,
Kazakhstan,2023,4.267436011574152,4.189795067314174,3.219187065762243,3.143924029941964,1.3964673926673579,2.1731540273887227,3.422215966846014,2.4363749662788914,2.499002349284695,4.09435315757557,5.716849047814561,6.937132465448944,3.999266767780342,3.464564877735565,3.67672556872098,54.036394563691495
Kenya,2021,,,,,,,,,,,,,,,,
Kenya,2021,4.304365442982567,4.148627528747372,3.39605028348682,3.3951874830667284,0.2327739929313153,2.4686908612163205,3.615726275366992,1.8156934632158603,1.515068959177182,1.923949188243176,5.861682503185009,6.812550953979721,3.0064371974968003,-0.7356833574433216,0.8297427463266047,42.6639857387839
Kenya,2022,,,,,,,,,,,,,,,,
Kenya,2022,4.304365442982567,4.148627528747372,3.400282502554439,3.39941598747591,0.2448909821978793,2.415301194069255,3.5746692220422003,2.004020120873961,1.4973602048523396,4.09435315757557,5.93389612517107,6.889219754708911,2.619501633105023,-1.1866764545687891,0.7770212896975254,44.18692205091572
Kenya,2023,,,,,,,,,,,,,,,,
Kenya,2023,4.267436011574152,4.189795067314174,3.412115210884888,3.4113418536235214,1.3964673926673579,2.1731540273887227,3.640830487337987,2.9576819937852403,1.4917942298566542,4.09435315757557,5.799162795316729,6.937132465448944,3.999266767780342,3.464564877735565,3.67672556872098,55.13985041486347
"Korea, Rep.",2021,,,,,,,,,,,,,,,,
"Korea, Rep.",2021,4.51723965752012,4.499621715725997,5.047313091000276,5.047313091000276,4.062913195268754,1.9464152231103284,5.063523791378423,2.5365455962948427,2.5850237091769914,4.09435315757557,5.683105875348143,6.812550953979721,4.72254512663503,5.614202161611946,5.423121978149027,78.44219345638183
"Korea, Rep.",2022,,,,,,,,,,,,,,,,
"Korea, Rep.",2022,4.239748677276883,4.146253214804603,5.070430400438335,5.070430400438335,4.0253775265102085,1.7726422703381337,5.064251456240142,1.3794505607148155,2.535257513772415,4.09435315757557,5.694598139702335,6.889219754708911,4.513043735966765,5.109257057916604,5.126333911702448,73.7041610870903
"Korea, Rep.",2023,,,,,,,,,,,,,,,,
"Korea, Rep.",2023,4.267436011574152,4.189795067314174,5.076745643425904,5.076745643425904,1.3964673926673579,2.1731540273887227,5.06838313436848,1.3526599534340176,2.5215730575760915,4.09435315757557,5.716849047814561,6.937132465448944,3.999266767780342,3.464564877735565,3.67672556872098,65.04372085451223
Kosovo,2021,,,,,,,,,,,,,,,,
Kosovo,2021,4.002248709300367,3.893531083665952,3.8730559718892312,3.7968109605016105,1.8446915023342045,2.265670039394211,3.95913809021596,2.461525335971814,2.686870174066623,3.3125087422704707,5.036875171076021,6.812550953979721,4.071611734794018,3.529075770284782,3.712903298269079,57.23483517577242
Kosovo,2022,,,,,,,,,,,,,,,,
Kosovo,2022,4.239748677276883,4.146253214804603,3.910481656878955,3.832874808967673,1.9409429912875749,2.2214662401566474,3.958207067186169,2.436256377330281,2.655108389453463,4.09435315757557,5.313609708649829,6.889219754708911,3.9210523049160178,3.395447459449998,3.639141274750644,59.580734224859334
Kosovo,2023,,,,,,,,,,,,,,,,
Kosovo,2023,4.267436011574152,4.189795067314174,3.954967202501091,3.8681546318291207,1.3964673926673579,2.1731540273887227,3.979918171650832,2.401813705232315,2.7623762121383355,4.09435315757557,5.213765835491781,6.937132465448944,3.999266767780342,3.464564877735565,3.67672556872098,58.26209902673678
Kyrgyz Republic,2021,,,,,,,,,,,,,,,,
Kyrgyz Republic,2021,3.75728151518996,3.735454634808882,3.1488500448050103,3.1411861996818704,0.2388662281583942,2.4912341580260087,3.720157357336655,2.919665822185108,2.006591598177717,3.6953395764496646,4.775434847658429,6.612046114759211,4.071611734794018,3.529075770284782,3.712903298269079,48.39223852312002
Kyrgyz Republic,2022,,,,,,,,,,,,,,,,
Kyrgyz Republic,2022,4.239748677276883,4.146253214804603,3.0021205803280497,2.9947158006966488,0.10062606745385816,2.403678361038194,3.721680210224816,3.3792451114683213,1.994915720788492,4.09435315757557,4.92914652362612,6.9171485091354805,3.9210523049160178,3.395447459449998,3.639141274750644,50.577529207867244
Kyrgyz Republic,2023,,,,,,,,,,,,,,,,
Kyrgyz Republic,2023,4.267436011574152,4.189795067314174,3.041293705021741,3.0348411428059063,1.3964673926673579,2.1731540273887227,4.20006112206934,2.565846015864619,1.9808665305467823,4.09435315757557,5.182266865188207,7.176881370296206,3.999266767780342,3.464564877735565,3.67672556872098,54.78684673628904
Latvia,2021,,,,,,,,,,,,,,,,
Latvia,2021,4.496920890847131,4.470928709744926,3.4368191777237267,3.4368191777237267,1.6975219502424173,2.176401101997122,4.2561310510639645,2.488335238804499,1.865513977962608,3.999901523635101,5.55859246966801,6.962675364072636,4.071611734794018,3.529075770284782,3.712903298269079,58.751395691602895
Latvia,2022,,,,,,,,,,,,,,,,
Latvia,2022,4.239748677276883,4.146253214804603,3.3917349402156507,3.3917349402156507,1.7748154351511698,2.2262584576286675,4.200978713659815,2.3174486825525635,1.6327206826246488,4.09435315757557,5.545767220317484,6.960103174555565,3.9210523049160178,3.395447459449998,3.639141274750644,56.73021281737902
Latvia,2023,,,,,,,,,,,,,,,,
Latvia,2023,4.267436011574152,4.189795067314174,3.3245030313504524,3.3245030313504524,1.3964673926673579,2.1731540273887227,4.20006112206934,2.5658460158646195,1.5285131243245298,4.09435315757557,5.548959378117238,6.970368669865239,3.999266767780342,3.464564877735565,3.67672556872098,55.51926952111527
Lithuania,2021,,,,,,,,,,,,,,,,
Lithuania,2021,4.465458555142156,4.442413475404549,3.5700211341785693,3.5700211341785693,3.274198591413624,1.6914632347810112,4.2561310510639645,2.488335238804499,2.387506652365157,3.3601841066899123,5.567310990807715,6.812550953979721,4.071611734794018,3.529075770284782,3.712903298269079,61.003987394545014
Lithuania,2022,,,,,,,,,,,,,,,,
Lithuania,2022,4.465458555142156,4.442413475404549,3.529829294622952,3.529829294622952,3.530005562406598,1.6078521205687766,4.200978713659815,2.3174486825525635,2.336550180013664,4.09435315757557,5.662378908330059,6.889219754708911,3.9210523049160178,3.395447459449998,3.639141274750644,61.43160258167559
Lithuania,2023,,,,,,,,,,,,,,,,
Lithuania,2023,4.267436011574152,4.189795067314174,3.493316663775192,3.493316663775192,1.3964673926673579,2.1731540273887227,4.20006112206934,2.5658460158646195,2.308168836552429,4.09435315757557,5.772678256018338,6.937132465448944,3.999266767780342,3.464564877735565,3.67672556872098,57.328182960574004
Luxembourg,2021,,,,,,,,,,,,,,,,
Luxembourg,2021,4.29434920032535,4.231453370382992,4.567803175220242,4.567803175220242,2.3731819111930585,2.045461504839302,4.2561310510639645,2.488335238804499,3.97954071664518,4.522228525668685,5.683105875348143,6.812550953979721,4.20521707867672,-2.6321368882837417,-2.2906068174741936,56.25534777734419
Luxembourg,2022,,,,,,,,,,,,,,,,
Luxembourg,2022,4.239748677276883,4.146253214804603,4.5445409546873226,4.5445409546873226,2.1383097810596734,2.0815234624789665,4.200978713659815,2.3174486825525635,3.902892731762979,4.09435315757557,5.694598139702335,6.889219754708911,4.0721849474986325,-2.881504154136734,-2.399817719218104,54.17488821144296
Luxembourg,2023,,,,,,,,,,,,,,,,
Luxembourg,2023,4.267436011574152,4.189795067314174,4.495746091481249,4.495746091481249,1.3964673926673579,2.1731540273887227,4.20006112206934,2.5658460158646195,3.826798605967376,4.09435315757557,5.716849047814561,6.937132465448944,3.999266767780342,3.464564877735565,3.67672556872098,63.31586098277209
Malta,2021,,,,,,,,,,,,,,,,
Malta,2021,4.495216468991052,4.463593662504468,4.163383695470034,4.162363420290904,0.9609401093370586,2.0090782644485867,4.2561310510639645,2.488335238804499,3.094949440942925,3.764805913986743,5.664117071536116,7.16552115141444,3.1595673108772204,-1.694828440083215,-0.2756295009189012,51.77105689489137
Malta,2022,,,,,,,,,,,,,,,,
Malta,2022,4.239748677276883,4.146253214804603,4.15577866234825,4.1547605057841785,1.352792728505306,1.968089598940672,4.200978713659815,2.3174486825525635,3.0621334091816013,4.09435315757557,5.808673934905269,7.1354871370848185,3.087399659937918,-1.7314584652078675,-0.237824800191228,51.23430153585966
Malta,2023,,,,,,,,,,,,,,,,
Malta,2023,4.267436011574152,4.189795067314174,4.112919339263939,4.111979044125913,1.3964673926673579,2.1731540273887227,4.20006112206934,2.5658460158646195,3.041851945331094,4.09435315757557,5.870305402926496,7.111169017485049,3.999266767780342,3.464564877735565,3.67672556872098,61.27674854279329
Mauritius,2021,,,,,,,,,,,,,,,,
Mauritius,2021,4.433894562383883,4.434108457765612,4.389076848940953,4.38875919938557,0.8491238147769882,2.1917897971637497,4.983909197232217,2.1633024187121603,2.6860452937142028,3.7001597947671248,5.40725980023872,7.375820480020472,4.286965025049107,0.9781465971670124,1.2272907840996603,58.61149399530519
Mauritius,2022,,,,,,,,,,,,,,,,
Mauritius,2022,4.433894562383883,4.434108457765612,4.217544503523159,4.217021849584139,1.0165598374127052,2.1800420914419085,4.863115530845352,1.6496854982299594,2.6537877304479576,4.09435315757557,5.4063439525769255,7.361481435080112,4.131496962544102,0.6305210617294573,1.0394651336897354,57.15650313018323
Mauritius,2023,,,,,,,,,,,,,,,,
Mauritius,2023,4.267436011574152,4.189795067314174,4.144482229796034,4.1437720285920125,1.3964673926673579,2.1731540273887227,4.787050290573892,1.9691679788932293,2.632167144487507,4.09435315757557,5.455336779380591,7.377089264054978,3.999266767780342,3.464564877735565,3.67672556872098,61.74150532259242
Mexico,2021,,,,,,,,,,,,,,,,
Mexico,2021,4.294349200325349,4.231453370382992,3.512137369888356,3.22490854802281,1.884750242023466,2.3641072870593485,3.7108827767320536,2.2340698201708755,2.481338960750611,4.070912326094553,5.683105875348143,6.812550953979721,3.5082368459617883,1.91235880073538,2.946278232872822,55.45242628010213
Mexico,2022,,,,,,,,,,,,,,,,
Mexico,2022,3.837588118234893,3.425289533983396,3.4911390941875866,3.2220080597174325,1.8672769850378943,2.2624473506196345,3.683145069112266,1.9770907240954312,2.4917290713172764,4.09435315757557,5.694598139702335,6.889219754708911,3.3931139438210183,1.9625616112805084,3.11156171253005,51.463933445361306
Mexico,2023,,,,,,,,,,,,,,,,
Mexico,2023,4.267436011574152,4.189795067314174,3.4627009165443927,3.1979276282341127,1.3964673926673579,2.1731540273887227,3.711756436817304,2.379045027723027,2.477524441315894,4.09435315757557,5.716849047814561,6.937132465448944,3.999266767780342,3.464564877735565,3.67672556872098,55.29867699378641
Moldova,2021,,,,,,,,,,,,,,,,
Moldova,2021,4.101455885261142,3.940357093420877,3.311172855583054,3.116402453347606,0.798971779628258,2.493059083827825,3.847606029593666,2.402297960223792,3.394716871929792,3.9174109173911775,5.12927645884719,7.133915664984876,4.071611734794018,3.529075770284782,3.712903298269079,54.77658877946235
Moldova,2022,,,,,,,,,,,,,,,,
Moldova,2022,4.101455885261142,3.940357093420877,3.27661282307733,3.0712172882270394,0.7494552575740123,2.581761502633432,3.776349896222412,1.6524338973357258,3.320344982217266,4.09435315757557,5.012895062730811,7.178080796656631,3.9210523049160178,3.395447459449998,3.639141274750644,53.61209258846079
Moldova,2023,,,,,,,,,,,,,,,,
Moldova,2023,4.267436011574152,4.189795067314174,3.2145326639312706,3.006953839966636,1.3964673926673579,2.1731540273887227,3.851139538849764,2.877747893608408,3.300346679858118,4.09435315757557,5.121395203440676,7.229428113598887,3.999266767780342,3.464564877735565,3.67672556872098,56.13214527374022
Nepal,2021,,,,,,,,,,,,,,,,
Nepal,2021,3.932648852613341,3.745556268537521,4.564892820827497,4.563723668450852,2.454557322984911,2.176203854146685,4.711772833180649,2.6616319085144005,3.075301366415001,2.9765260717550657,5.683105875348143,6.812550953979721,4.071611734794018,3.529075770284782,3.712903298269079,64.1667679911026
Nepal,2022,,,,,,,,,,,,,,,,
Nepal,2022,4.239748677276883,4.146253214804603,4.475108257866561,4.473549654513498,1.7091731176434182,1.9749546336684225,4.65346461268248,2.0190628986146657,3.103049619247013,4.09435315757557,5.694598139702335,6.889219754708911,3.9210523049160178,3.395447459449998,3.639141274750644,62.27812230839085
Nepal,2023,,,,,,,,,,,,,,,,
Nepal,2023,4.267436011574152,4.189795067314174,4.448157336354137,4.446180059943575,1.3964673926673579,2.1731540273887227,4.715171545427015,2.6527962460849968,3.0950460028679934,4.09435315757557,5.716849047814561,6.937132465448944,3.999266767780342,3.464564877735565,3.67672556872098,63.66235552599386
Netherlands,2021,,,,,,,,,,,,,,,,
Netherlands,2021,4.527579803937263,4.523690923541654,4.469082344460994,4.469081187876595,2.052045924420774,1.888580752064256,4.2561310510639645,2.488335238804499,1.6848729231227226,3.459066326905572,5.683105875348143,6.812550953979721,4.071611734794018,3.529075770284782,3.712903298269079,62.00286561518267
Netherlands,2022,,,,,,,,,,,,,,,,
Netherlands,2022,4.527579803937263,4.523690923541654,4.415422866856229,4.415419575481121,2.1250471256183454,1.7756646760866917,4.200978713659815,2.3174486825525635,1.635838406932846,4.09435315757557,5.694598139702335,6.889219754708911,3.9210523049160178,3.395447459449998,3.639141274750644,61.45650595671316
Netherlands,2023,,,,,,,,,,,,,,,,
Netherlands,2023,4.267436011574152,4.189795067314174,4.362275259465148,4.362241799625992,1.3964673926673579,2.1731540273887227,4.20006112206934,2.5658460158646195,1.514502689655426,4.09435315757557,5.716849047814561,6.937132465448944,3.999266767780342,3.464564877735565,3.67672556872098,60.09263689045314
Nicaragua,2021,,,,,,,,,,,,,,,,
Nicaragua,2021,3.221575664650804,3.028262855730331,3.2977619482033527,3.2050853090089,1.7088319409861703,2.08628759419302,3.635664875804913,2.601840654992283,2.0531956151044493,3.041907487984471,5.683105875348143,5.856440929787456,4.071611734794018,3.529075770284782,3.712903298269079,46.29229789724825
Nicaragua,2022,,,,,,,,,,,,,,,,
Nicaragua,2022,3.221575664650804,3.028262855730331,3.349410777278627,3.227773155304252,2.1708982061547033,2.0513132426587246,3.622392276366973,2.4066793084409794,2.036843027654958,4.09435315757557,5.694598139702335,5.965578319590675,3.9210523049160178,3.395447459449998,3.639141274750644,48.354960194642636
Nicaragua,2023,,,,,,,,,,,,,,,,
Nicaragua,2023,4.267436011574152,4.189795067314174,3.3591965175794862,3.247147615328837,1.3964673926673579,2.1731540273887227,3.622392276366973,2.4066793084409794,2.0281535123376364,4.09435315757557,5.716849047814561,5.915279012721327,3.999266767780342,3.464564877735565,3.67672556872098,52.51870847528107
North Macedonia,2021,,,,,,,,,,,,,,,,
North Macedonia,2021,4.376147959813252,4.285706703652479,3.959292726615695,3.91819375389372,1.463372074065813,2.3329274676826603,4.113976432080889,2.1613627845993846,3.188463716234739,3.9798878056962144,5.8296087195440975,6.919846261841433,4.071611734794018,3.529075770284782,3.712903298269079,61.24549648266405
North Macedonia,2022,,,,,,,,,,,,,,,,
North Macedonia,2022,4.239748677276883,4.146253214804603,3.937949453153871,3.895195845577121,1.5777371461866248,2.3993197619421305,4.054936940380907,1.6533783851655293,3.1754688010778,4.09435315757557,5.834392740089212,6.929266331652612,3.9210523049160178,3.395447459449998,3.639141274750644,60.218536311868135
North Macedonia,2023,,,,,,,,,,,,,,,,
North Macedonia,2023,4.267436011574152,4.189795067314174,3.902366857618037,3.853146985895996,1.3964673926673579,2.1731540273887227,4.017996787422326,1.7628390071903606,3.169532345096905,4.09435315757557,5.818873577715612,6.949588032394759,3.999266767780342,3.464564877735565,3.67672556872098,58.626620477015635
Norway,2021,,,,,,,,,,,,,,,,
Norway,2021,4.525151098924572,4.517337727854804,4.838443281385848,4.675629789423837,3.244942889940703,2.35862947121606,4.147000050889384,2.3319037872161164,2.8538243759488617,3.262726653121122,5.683105875348143,6.812550953979721,4.071611734794018,3.529075770284782,3.712903298269079,70.18286818577546
Norway,2022,,,,,,,,,,,,,,,,
Norway,2022,4.239748677276883,4.146253214804603,4.628990353847041,4.468697369666204,3.9067307725834284,2.009104253226517,3.9297055823525664,1.7027558464144046,2.826104984275537,4.09435315757557,5.694598139702335,6.889219754708911,3.9210523049160178,3.395447459449998,3.639141274750644,67.03412039335385
Norway,2023,,,,,,,,,,,,,,,,
Norway,2023,4.267436011574152,4.189795067314174,4.759844791912282,4.601810399985525,1.3964673926673579,2.1731540273887227,4.03832189395462,-0.8393400051153066,2.84298120958708,4.09435315757557,5.716849047814561,6.937132465448944,3.999266767780342,3.464564877735565,3.67672556872098,58.50218064845221
Pakistan,2021,,,,,,,,,,,,,,,,
Pakistan,2021,3.010699889615737,2.8392583927890045,2.703998389146326,2.701066263060541,0.5498758658320164,1.627510026726163,3.882075250968635,2.3241426049522067,2.328844440891772,2.3872420354061,3.196484385112224,5.970312863000537,2.492457114825787,1.7779344113351976,3.8262711017392856,31.60017957204958
Pakistan,2022,,,,,,,,,,,,,,,,
Pakistan,2022,4.239748677276883,4.146253214804603,2.671377788499251,2.668272655293665,0.7339161867769772,1.5884610840292228,3.7793153540316538,1.9887635098784768,2.35630354816786,4.09435315757557,3.1755559243005,6.009591416075542,2.0211749461029425,0.7072005703490519,3.240133236611337,37.74255381156088
Pakistan,2023,,,,,,,,,,,,,,,,
Pakistan,2023,4.267436011574152,4.189795067314174,2.461064841051102,2.4549263330483684,1.3964673926673579,2.1731540273887227,3.701343687421584,2.760677782765161,2.362444688989725,4.09435315757557,3.0495476090774205,6.228720925398122,3.999266767780342,3.464564877735565,3.67672556872098,47.47227702370173
Paraguay,2021,,,,,,,,,,,,,,,,
Paraguay,2021,3.940178529571049,3.814880894436505,3.847324179436864,3.847005540111204,1.7804784232509259,2.2276465242527776,3.896309254551612,2.1012961234132983,2.3225865056447312,3.2155517983950164,5.536099009501136,6.35718258506384,4.071611734794018,3.529075770284782,3.712903298269079,55.1068205348478
Paraguay,2022,,,,,,,,,,,,,,,,
Paraguay,2022,4.239748677276883,4.146253214804603,3.877421624689553,3.877043776627455,1.5262208247118334,2.1725565305996173,3.858558905839317,1.4093029422050345,2.2707317877269,4.09435315757557,5.547394480230482,6.50137444578762,3.9210523049160178,3.395447459449998,3.639141274750644,55.66202388637228
Paraguay,2023,,,,,,,,,,,,,,,,
Paraguay,2023,4.267436011574152,4.189795067314174,3.9062419813702567,3.9058333602462207,1.3964673926673579,2.1731540273887227,3.875030248643852,2.1473984620929327,2.285149101878546,4.09435315757557,5.71896406787979,6.763479151498708,3.999266767780342,3.464564877735565,3.67672556872098,57.36786131000956
Peru,2021,,,,,,,,,,,,,,,,
Peru,2021,3.993670610294778,3.766945023136177,3.800255317823245,3.8002552136356544,1.2434395641518903,2.21832905019563,4.043825143648337,1.0538493759674656,1.677555305571331,4.684010751558938,4.905750979342726,6.923925245166313,3.495691572800455,-0.0667109425277655,0.9947959575882016,47.61353735913421
Peru,2022,,,,,,,,,,,,,,,,
Peru,2022,3.993670610294778,3.766945023136177,3.7680074129289953,3.768004768394285,1.1921617274847993,2.316683966119084,4.058957225226637,2.21361620076651,1.6351210597617012,4.09435315757557,4.978788817771601,7.004180913881669,3.324812068288281,-0.5694691003505783,0.6703124609133051,48.05575365945718
Peru,2023,,,,,,,,,,,,,,,,
Peru,2023,4.267436011574152,4.189795067314174,3.7680074129289953,3.768004768394285,1.3964673926673579,2.1731540273887227,4.058957225226637,2.21361620076651,1.5522062742823604,4.09435315757557,4.94973912081006,7.083015909951273,3.999266767780342,3.464564877735565,3.67672556872098,56.21686655206236
Philippines,2021,,,,,,,,,,,,,,,,
Philippines,2021,3.884114102872499,3.481999407267336,3.856688930473319,3.856688870014693,1.2316883141001402,2.238319585312596,4.432151582994412,2.061629838082867,2.179351781322138,3.3394686828304043,5.683105875348143,6.472322177797757,4.21768313743314,2.190467842569339,2.507650089605323,52.139212986679404
Philippines,2022,,,,,,,,,,,,,,,,
Philippines,2022,3.884114102872499,3.481999407267336,3.835660322790536,3.8356602683434073,1.4624274508829407,2.1664375765717216,4.382554252819474,2.041682621075229,2.179351781322138,4.09435315757557,5.694598139702335,6.472322177797757,4.0187370076081965,1.85084573836136,2.370465747608907,52.41461240999175
Philippines,2023,,,,,,,,,,,,,,,,
Philippines,2023,4.267436011574152,4.189795067314174,3.8242094483409432,3.8242093984333856,1.3964673926673579,2.1731540273887227,4.382554252819474,2.041682621075229,2.179351781322138,4.09435315757557,5.716849047814561,6.472322177797757,3.999266767780342,3.464564877735565,3.67672556872098,57.47700221806963
Poland,2021,,,,,,,,,,,,,,,,
Poland,2021,4.4878629241813375,4.469486786075747,3.770951412403878,3.770932224059442,1.5565470542074396,1.896061487447732,4.246027929447656,2.170567097618364,3.111665873238965,4.139521370726567,5.9959995965431725,6.972600366862888,3.314950658249628,2.411596494429355,3.6348795728093233,58.29850687891381
Poland,2022,,,,,,,,,,,,,,,,
Poland,2022,4.239748677276883,4.146253214804603,3.623865857845124,3.623846681414517,1.7140258373924713,1.8646264187124733,4.147439419568345,1.647918651251944,3.083053808465448,4.09435315757557,5.99547172130852,7.044278183320488,3.022156124654236,2.2264271192950305,3.743233466492367,55.40663803404485
Poland,2023,,,,,,,,,,,,,,,,
Poland,2023,4.267436011574152,4.189795067314174,3.506276469651001,3.5062567298562666,1.3964673926673579,2.1731540273887227,4.137092967316945,2.127925846572448,3.0468565510212136,4.09435315757557,5.999332661791399,7.031838985870126,3.999266767780342,3.464564877735565,3.67672556872098,57.98817567861676
Portugal,2021,,,,,,,,,,,,,,,,
Portugal,2021,4.45630671165163,4.402254396834458,4.518988802012022,4.518049409346317,1.0868035937343972,1.9280669497420724,4.2561310510639645,2.488335238804499,3.3824737052454426,5.001360203567803,6.104502745369548,6.812550953979721,4.071611734794018,3.529075770284782,3.712903298269079,62.920746245169504
Portugal,2022,,,,,,,,,,,,,,,,
Portugal,2022,4.45630671165163,4.402254396834458,4.422341301869461,4.421404562335721,1.3196849796161907,1.8891341313728147,4.200978713659815,2.3174486825525635,3.355770621492576,4.09435315757557,6.107578117909853,6.889219754708911,3.9210523049160178,3.395447459449998,3.639141274750644,61.582184430145006
Portugal,2023,,,,,,,,,,,,,,,,
Portugal,2023,4.267436011574152,4.189795067314174,4.327552471343451,4.32661375911588,1.3964673926673579,2.1731540273887227,4.20006112206934,2.5658460158646195,3.334392280344492,4.09435315757557,6.093172806090452,6.937132465448944,3.999266767780342,3.464564877735565,3.67672556872098,62.45288986183999
Romania,2021,,,,,,,,,,,,,,,,
Romania,2021,4.1723576913763765,3.98722911901838,3.233502852759526,3.233502852759526,1.395889347476983,2.137559365979003,3.804652546778628,2.733874994710938,3.047786537481228,4.078059136836338,5.356625236958687,6.812550953979721,2.401037867016631,-0.278455363687824,1.8922043022849289,48.69763397692811
Romania,2022,,,,,,,,,,,,,,,,
Romania,2022,4.1723576913763765,3.98722911901838,3.187348168543404,3.187348168543404,1.627258592883286,2.1229336376334595,3.720134834783168,1.909952816131296,3.034309820121859,4.09435315757557,5.362789151209627,6.889219754708911,2.2618707226519783,-0.196704434288779,2.112148270636406,48.2468004624774
Romania,2023,,,,,,,,,,,,,,,,
Romania,2023,4.267436011574152,4.189795067314174,3.102748487358502,3.102748487358502,1.3964673926673579,2.1731540273887227,3.6772456040900994,2.3321227323279703,3.017152657378888,4.09435315757557,5.383107954049553,6.937132465448944,3.999266767780342,3.464564877735565,3.67672556872098,54.43059133986723
Rwanda,2021,,,,,,,,,,,,,,,,
Rwanda,2021,4.29434920032535,4.231453370382992,3.196286643549773,3.1916985942939946,1.0840992893479875,2.596045555348596,3.2236051948547084,2.8753821848444843,1.1907388267446224,1.4230241329104905,3.904980639078535,5.5299621481177015,3.4314888261082097,-3.019699774903576,-1.8689929451887315,36.04652815993721
Rwanda,2022,,,,,,,,,,,,,,,,
Rwanda,2022,4.239748677276883,4.146253214804603,3.09407423209548,3.089867698571988,1.4218843326812112,2.46663522884827,3.204273022927,3.09696192240562,1.1388502719792533,4.09435315757557,4.403184962640001,5.777042459456244,3.2154891680454707,-2.0886031698288825,-0.7229971038978978,41.043134338135864
Rwanda,2023,,,,,,,,,,,,,,,,
Rwanda,2023,4.267436011574152,4.189795067314174,3.08887966390662,3.085283271396807,1.3964673926673579,2.1731540273887227,3.2487778420114712,3.172791820059768,2.84298120958708,4.09435315757557,4.8159363182303325,6.09571265290211,3.999266767780342,3.464564877735565,3.67672556872098,51.834091519536926
Senegal,2021,,,,,,,,,,,,,,,,
Senegal,2021,3.967295268219543,3.821769484928462,3.3569765475167523,3.3560810711092914,1.3207159901784808,2.1707382893318745,3.824728514024335,2.7040277049946377,1.7221669115458458,1.9081909202424625,5.683105875348143,5.40554055205893,4.071611734794018,3.529075770284782,3.712903298269079,48.25171521434599
Senegal,2022,,,,,,,,,,,,,,,,
Senegal,2022,4.239748677276883,4.146253214804603,3.434460747213133,3.433757094629625,1.4785378296904343,2.175563809910606,3.896780954477802,3.037835201367777,1.6968250247721453,4.09435315757557,5.694598139702335,5.470030148155892,3.9210523049160178,3.395447459449998,3.639141274750644,53.19420290346094
Senegal,2023,,,,,,,,,,,,,,,,
Senegal,2023,4.267436011574152,4.189795067314174,3.401362190228136,3.400635689114269,1.3964673926673579,2.1731540273887227,3.9056608298179847,2.244513642436687,2.84298120958708,4.09435315757557,5.716849047814561,6.937132465448944,3.999266767780342,3.464564877735565,3.67672556872098,56.35928499545977
Slovak Republic,2021,,,,,,,,,,,,,,,,
Slovak Republic,2021,4.486851193152441,4.437098007202466,4.1137471192711175,4.1136885987577845,1.8520229925538727,2.013370821845325,4.2561310510639645,2.488335238804499,3.017456684250493,4.07976033514366,5.683105875348143,6.812550953979721,4.071611734794018,3.529075770284782,3.712903298269079,62.370317131385036
Slovak Republic,2022,,,,,,,,,,,,,,,,
Slovak Republic,2022,4.486851193152441,4.437098007202466,4.137207108275828,4.137074863284584,1.9832396187896684,1.970136722759848,4.200978713659815,2.3174486825525635,2.9950694375211286,4.09435315757557,5.694598139702335,6.889219754708911,3.9210523049160178,3.395447459449998,3.639141274750644,62.13847786255062
Slovak Republic,2023,,,,,,,,,,,,,,,,
Slovak Republic,2023,4.267436011574152,4.189795067314174,4.063275000661362,4.063121537867069,1.3964673926673579,2.1731540273887227,4.20006112206934,2.5658460158646195,2.962040626887961,4.09435315757557,5.716849047814561,6.937132465448944,3.999266767780342,3.464564877735565,3.67672556872098,60.46488170697616
Slovenia,2021,,,,,,,,,,,,,,,,
Slovenia,2021,4.52095931121336,4.506886166329482,3.667298259292066,3.6672071871822447,1.8815228185987074,2.198053186966675,4.2561310510639645,2.488335238804499,3.0833045136091752,4.311437299230495,5.683105875348143,6.812550953979721,2.833705727225296,-0.5330428431235301,1.2051118094792446,55.61306844198285
Slovenia,2022,,,,,,,,,,,,,,,,
Slovenia,2022,4.239748677276883,4.146253214804603,3.668605999515573,3.66856443046385,2.0414076991822823,2.187810166104404,4.200978713659815,2.3174486825525635,3.032510737654112,4.09435315757557,5.694598139702335,6.889219754708911,2.588409753874937,-0.3667694520049848,1.6168007478597928,54.25835435038735
Slovenia,2023,,,,,,,,,,,,,,,,
Slovenia,2023,4.267436011574152,4.189795067314174,3.5487280343932786,3.5486861624302724,1.3964673926673579,2.1731540273887227,4.20006112206934,2.5658460158646195,2.84298120958708,4.09435315757557,5.716849047814561,6.937132465448944,3.999266767780342,3.464564877735565,3.67672556872098,58.115832871449754
South Africa,2021,,,,,,,,,,,,,,,,
South Africa,2021,4.377169630808878,4.287327392409719,4.459925577149317,3.9984735063044425,1.114123745638047,2.075155649748982,4.184556930497518,1.7314126326834656,2.2307126964204267,3.7234598693292775,5.683105875348143,6.812550953979721,5.493450348073413,4.055712255118308,3.339392238023787,59.158771022086064
South Africa,2022,,,,,,,,,,,,,,,,
South Africa,2022,4.239748677276883,4.146253214804603,4.446558853467765,4.009353850274724,1.0425831788079774,1.8282467724377136,4.199297267219758,2.1396083677640765,2.191384525089724,4.09435315757557,5.694598139702335,6.889219754708911,5.549722868433194,3.9941241682595536,3.246215408593278,57.753919038511256
South Africa,2023,,,,,,,,,,,,,,,,
South Africa,2023,4.267436011574152,4.189795067314174,4.434092337751898,3.995737024152728,1.3964673926673579,2.1731540273887227,4.218023801640346,2.012705360037002,2.14886712291086,4.09435315757557,5.716849047814561,6.937132465448944,3.999266767780342,3.464564877735565,3.67672556872098,59.54785005502911
Spain,2021,,,,,,,,,,,,,,,,
Spain,2021,4.513604000327513,4.509954534538142,4.514839942321624,4.492902340124655,1.5339884206421202,1.7440023387171528,4.2561310510639645,2.488335238804499,3.5726390989415004,4.496119186525117,5.941729282967927,6.812550953979721,3.9159731692869033,3.266940457202122,3.88409517655977,63.01223709126443
Spain,2022,,,,,,,,,,,,,,,,
Spain,2022,4.513604000327513,4.509954534538142,4.409255817852611,4.386078998733835,1.4859368175610717,1.69805436143705,4.200978713659815,2.3174486825525635,3.4698661817818603,4.09435315757557,5.957744163861348,6.889219754708911,3.776883073491609,3.185037390483522,3.941625730599201,61.3367906967623
Spain,2023,,,,,,,,,,,,,,,,
Spain,2023,4.267436011574152,4.189795067314174,4.293538509727562,4.270176219926827,1.3964673926673579,2.1731540273887227,4.20006112206934,2.5658460158646195,3.436166738441328,4.09435315757557,6.011372730206223,6.937132465448944,3.999266767780342,3.464564877735565,3.67672556872098,62.281151801630706
Sri Lanka,2021,,,,,,,,,,,,,,,,
Sri Lanka,2021,4.4203223089023815,4.396266759298425,4.170932134337954,4.076854555863272,1.1112507805993908,1.841454008107568,4.2561310510639645,2.488335238804499,2.821133618297603,4.09435315757557,5.683105875348143,6.812550953979721,3.377436164298584,1.7722862616936284,2.938598258677554,56.03109178086808
Sri Lanka,2022,,,,,,,,,,,,,,,,
Sri Lanka,2022,4.239748677276883,4.146253214804603,4.113243471296957,4.024253218044108,0.13966982400341443,1.845932479273064,4.200978713659815,2.3174486825525635,2.8176393352812688,4.09435315757557,5.694598139702335,6.889219754708911,2.634708709528471,0.8181686859486909,2.7387401636821007,49.99605172273791
Sri Lanka,2023,,,,,,,,,,,,,,,,
Sri Lanka,2023,4.267436011574152,4.189795067314174,4.091589113296972,3.998833360966371,1.3964673926673579,2.1731540273887227,4.20006112206934,2.5658460158646195,2.84298120958708,4.09435315757557,5.716849047814561,6.937132465448944,3.999266767780342,3.464564877735565,3.67672556872098,60.24651785852689
St. Lucia,2021,,,,,,,,,,,,,,,,
St. Lucia,2021,4.29434920032535,4.231453370382992,4.083092145757938,4.083092145757938,0.0,2.32480627870218,4.200311642242969,2.673099897247812,2.6355736184958083,3.707458978182956,5.683105875348143,6.812550953979721,4.071611734794018,3.529075770284782,3.712903298269079,56.515074407596664
St. Lucia,2022,,,,,,,,,,,,,,,,
St. Lucia,2022,4.239748677276883,4.146253214804603,3.878447880733325,3.878447880733325,1.4785378296904343,2.175563809910606,4.018683353797067,1.3929417948546206,2.7206230137072787,4.09435315757557,5.694598139702335,6.889219754708911,3.9210523049160178,3.395447459449998,3.639141274750644,57.3469401375456
St. Lucia,2023,,,,,,,,,,,,,,,,
St. Lucia,2023,4.267436011574152,4.189795067314174,3.869789618056101,3.869789618056101,1.3964673926673579,2.1731540273887227,4.084247856856923,2.375539782967468,2.6713891730604056,4.09435315757557,5.716849047814561,6.937132465448944,3.999266767780342,3.464564877735565,3.67672556872098,58.78265256570362
Sweden,2021,,,,,,,,,,,,,,,,
Sweden,2021,4.527191623468695,4.522618716125832,4.824683981642908,4.824670042201154,3.4758761476602875,1.7240076161768672,4.420886529708168,2.3267980243722644,2.4145114456523613,4.09435315757557,5.683105875348143,6.812550953979721,4.071611734794018,3.529075770284782,3.712903298269079,68.6771658178197
Sweden,2022,,,,,,,,,,,,,,,,
Sweden,2022,4.527191623468695,4.522618716125832,4.819881365753311,4.81986977645866,3.7948560423763107,1.7205414989037864,4.379828480216464,1.0506932951813293,2.341072728229773,4.09435315757557,5.694598139702335,6.889219754708911,3.9210523049160178,3.395447459449998,3.639141274750644,67.76453917714004
Sweden,2023,,,,,,,,,,,,,,,,
Sweden,2023,4.267436011574152,4.189795067314174,4.767483903804768,4.767474163110667,1.3964673926673579,2.1731540273887227,4.312525806449155,-0.8722490780556003,2.3353532299682573,4.09435315757557,5.716849047814561,6.937132465448944,3.999266767780342,3.464564877735565,3.67672556872098,58.948451797941146
Switzerland,2021,,,,,,,,,,,,,,,,
Switzerland,2021,4.525248365093032,4.525248365093032,4.170932134337954,4.076854555863272,3.0090758623036953,1.982174516542373,4.2561310510639645,2.488335238804499,3.551274557254059,4.445800016065454,5.683105875348143,6.812550953979721,5.543739623165986,4.576928520414301,3.556091917361944,68.97649955216832
Switzerland,2022,,,,,,,,,,,,,,,,
Switzerland,2022,4.239748677276883,4.146253214804603,4.113243471296957,4.024253218044108,2.97847735722996,2.0496138922546314,4.200978713659815,2.3174486825525635,3.51190807683445,4.09435315757557,5.694598139702335,6.889219754708911,5.306865775569031,4.583945505705031,3.803103682140166,66.7757799527551
Switzerland,2023,,,,,,,,,,,,,,,,
Switzerland,2023,4.267436011574152,4.189795067314174,4.091589113296972,3.998833360966371,1.3964673926673579,2.1731540273887227,4.20006112206934,2.5658460158646195,3.4855182674704954,4.09435315757557,5.716849047814561,6.937132465448944,3.999266767780342,3.464564877735565,3.67672556872098,60.98265603634658
Tajikistan,2021,,,,,,,,,,,,,,,,
Tajikistan,2021,3.628169059018291,3.5965794715556507,2.3170230920317265,2.2359040798268577,0.01022300116521846,3.0080037025611266,3.2962330467460177,2.0858580574488714,1.2052140137227425,3.105705004251024,5.659499464664017,7.035267643799966,4.071611734794018,3.529075770284782,3.712903298269079,44.38702164138869
Tajikistan,2022,,,,,,,,,,,,,,,,
Tajikistan,2022,4.239748677276883,4.146253214804603,2.3239275094039336,2.254975927663599,1.4785378296904343,2.175563809910606,3.0666123225310584,-1.9973239305126256,1.2471552096467535,4.09435315757557,5.674881075382015,7.312412790540948,3.9210523049160178,3.395447459449998,3.639141274750644,43.17722659838036
Tajikistan,2023,,,,,,,,,,,,,,,,
Tajikistan,2023,4.267436011574152,4.189795067314174,2.495884459339041,2.4431365241628584,1.3964673926673579,2.1731540273887227,3.367892863742041,3.870288083439792,2.84298120958708,4.09435315757557,5.716849047814561,6.937132465448944,3.999266767780342,3.464564877735565,3.67672556872098,52.94701227635448
Thailand,2021,,,,,,,,,,,,,,,,
Thailand,2021,4.4864462023302965,4.507480809212576,5.008467801154116,4.759446974207021,1.4709005767613523,2.350810689416151,4.913129411978213,1.5609063002582084,2.219893247515965,4.605897051309133,5.828703631492665,7.049013812800923,4.692720874105281,4.691164269091132,4.528637769593725,69.5144944461849
Thailand,2022,,,,,,,,,,,,,,,,
Thailand,2022,4.4864462023302965,4.507480809212576,4.962590430201136,4.714861553931706,1.5597839887282101,2.3125033049611745,4.881407750505813,1.3482062026584816,2.147695207244452,4.09435315757557,5.734948205519369,7.093381953520774,4.721939805057135,4.4955299578641545,4.303464321643718,68.09453746447241
Thailand,2023,,,,,,,,,,,,,,,,
Thailand,2023,4.267436011574152,4.189795067314174,4.949987799020767,4.699394802936417,1.3964673926673579,2.1731540273887227,4.870300659536069,0.6664832645284817,2.106130120006576,4.09435315757557,5.690629632823863,7.131055986199899,3.999266767780342,3.464564877735565,3.67672556872098,62.49842648341085
Turkiye,2021,,,,,,,,,,,,,,,,
Turkiye,2021,4.239706458701825,4.056932543275021,4.216410780705232,4.128571700144104,1.5136977040581343,1.957447881499412,4.206627034322336,3.90559934914236,2.691872319575235,4.318578155089055,6.619300430434825,7.365249698781648,2.797788051421906,4.122291574395733,5.837962323435937,64.66244115299465
Turkiye,2022,,,,,,,,,,,,,,,,
Turkiye,2022,4.239706458701825,4.056932543275021,3.9416074290779535,3.825225388024191,1.9190980025253137,2.088860416274516,3.95920102799204,4.040485693244062,2.658109269539674,4.09435315757557,6.681485403207692,7.480956848308844,3.548248691278051,4.516403362496079,5.4913781256374286,65.56160709545166
Turkiye,2023,,,,,,,,,,,,,,,,
Turkiye,2023,4.267436011574152,4.189795067314174,3.84975488471832,3.7186820158249128,1.3964673926673579,2.1731540273887227,3.920541506455192,4.183748466402892,2.6410802312343136,4.09435315757557,6.725376129775211,7.572055062962931,3.999266767780342,3.464564877735565,3.67672556872098,62.48877304198805
Uganda,2021,,,,,,,,,,,,,,,,
Uganda,2021,4.126214210419045,3.884492551223467,2.6679767983568023,2.56222042551532,0.9328757424763563,2.6716192944103514,3.07860549057114,1.6071951611306816,0.8389461153428283,1.302233843620757,3.668201305243071,6.174658052381534,4.071611734794018,3.529075770284782,3.712903298269079,41.648010184736414
Uganda,2022,,,,,,,,,,,,,,,,
Uganda,2022,4.126214210419045,3.884492551223467,2.6878208025268324,2.56925477113373,0.9795787721517044,2.677402278741192,3.0584937850946505,2.000817936122316,0.8467272050322451,4.09435315757557,3.7218650245224194,6.26928291479282,3.9210523049160178,3.395447459449998,3.639141274750644,45.01522942181848
Uganda,2023,,,,,,,,,,,,,,,,
Uganda,2023,4.267436011574152,4.189795067314174,2.669672523965537,2.536122815236798,1.3964673926673579,2.1731540273887227,3.0428827579161304,2.347042023000708,0.8127207741824788,4.09435315757557,3.68856176254474,6.253759814248265,3.999266767780342,3.464564877735565,3.67672556872098,44.94286746999962
United Kingdom,2021,,,,,,,,,,,,,,,,
United Kingdom,2021,4.527870836398958,4.526026140156374,4.8441526399301615,4.840785928071328,2.631206802957854,1.6489087850684438,5.016978293319759,2.25708779251938,2.8538243759488617,4.493509018805798,5.683105875348143,6.812550953979721,4.7135107470943565,3.2636683902771453,3.078387475261989,67.78801521196286
United Kingdom,2022,,,,,,,,,,,,,,,,
United Kingdom,2022,4.239748677276883,4.146253214804603,4.775230945277559,4.773011664567134,2.6544767256677546,1.8531982246596173,4.999916704599982,2.13615645895292,2.826104984275537,4.09435315757557,5.694598139702335,6.889219754708911,4.524568046786981,3.1895061989583944,3.195189585626196,66.42261467687698
United Kingdom,2023,,,,,,,,,,,,,,,,
United Kingdom,2023,4.267436011574152,4.189795067314174,4.701429253071152,4.701279831081085,1.3964673926673579,2.1731540273887227,4.902980529289399,-1.3608886603547787,2.84298120958708,4.09435315757557,5.716849047814561,6.937132465448944,3.999266767780342,3.464564877735565,3.67672556872098,60.140274088765125
United States,2021,,,,,,,,,,,,,,,,
United States,2021,4.480044982364961,4.441564972959626,5.292354005461868,3.861998698359903,2.8066410362466687,2.1380065268464765,4.665204121833077,2.7964193241420454,3.301343568255329,4.09435315757557,5.683105875348143,6.812550953979721,5.223053076162851,5.168495171715801,3.712903298269079,71.83151845661997
United States,2022,,,,,,,,,,,,,,,,
United States,2022,4.239748677276883,4.146253214804603,5.137513077783559,3.879686312201212,2.934407129663685,2.132763046403559,4.566429331749923,-0.6032637154697699,3.264423518116275,4.09435315757557,5.694598139702335,6.889219754708911,4.953291153052336,5.044936783095501,3.639141274750644,65.93010752575307
United States,2023,,,,,,,,,,,,,,,,
United States,2023,4.267436011574152,4.189795067314174,5.162439899412704,3.8411674795417023,1.3964673926673579,2.1731540273887227,4.521720231942622,0.5734076351477553,3.243956982818412,4.09435315757557,5.716849047814561,6.937132465448944,3.999266767780342,3.464564877735565,3.67672556872098,61.03274976045301
Uruguay,2021,,,,,,,,,,,,,,,,
Uruguay,2021,4.240229838231184,4.085921324209879,3.246558338354301,3.245310701655682,2.3179007279642367,2.1656739302476296,4.01425497757648,2.7941291566734203,2.254692294649192,5.510003009500582,6.259728807062165,6.846262939391234,4.071611734794018,3.529075770284782,3.712903298269079,60.39860275070315
Uruguay,2022,,,,,,,,,,,,,,,,
Uruguay,2022,4.239748677276883,4.146253214804603,3.2496542000873854,3.249090281020941,2.2735077631992673,2.241264124589037,3.9123434752376176,-1.070259653163309,2.240486650314004,4.09435315757557,6.419614788954694,6.908319128535872,3.9210523049160178,3.395447459449998,3.639141274750644,54.55146685848688
Uruguay,2023,,,,,,,,,,,,,,,,
Uruguay,2023,4.267436011574152,4.189795067314174,3.322260073064125,3.321702485979516,1.3964673926673579,2.1731540273887227,3.88890555520266,0.2909340943538911,2.1748286493757654,4.09435315757557,6.443196310510504,6.95283043680281,3.999266767780342,3.464564877735565,3.67672556872098,53.73077210718263
