Country Name,Year,CPIA gender equality rating (1=low to 6=high),"Account ownership at a financial institution or with a mobile-money-service provider, poorest 40% (% of population ages 15+)","Access to electricity, rural (% of rural population)","Access to clean fuels and technologies for cooking, rural (% of rural population)",GOAL 2: Zero Hunger (5 year moving average),Newborns protected against tetanus (%),"School enrollment, primary (% gross)","Life expectancy at birth, total (years)",People using at least basic sanitation services (% of population),Gini index,"Maternal mortality ratio (modeled estimate, per 100,000 live births)",Poverty headcount ratio at $6.85 a day (2017 PPP) (% of population),Social_Equity_Index
Albania,2021,1.2904492808032562,3.267033877868195,4.530195927798776,4.145024267239839,-0.1054002017288398,4.490690117872608,4.501791855157402,4.275092565552328,4.523389202907223,3.4950523895136545,2.6143204865440173,2.886126718541812,69.2594225747511
Albania,2022,1.2904492808032562,3.267033877868195,4.530195927798776,4.170671886043079,-0.3571300238567617,4.490690117872608,4.494425704921135,4.299076458761572,4.523391470536248,3.492108663266857,2.0640629157319244,2.8612400934348163,67.46099537885472
Albania,2023,1.2904492808032562,4.189795067314174,4.530195927798776,4.268685704379358,-0.3571300238567617,4.490690117872608,4.46735923386983,4.3092724929059765,4.430623698940526,3.492163258139891,1.9324389107446345,2.858936242195275,67.13202361694647
Argentina,2021,1.2904492808032562,4.116149036256817,4.530195927798776,4.504702655382836,-0.1054002017288398,4.464572606707027,4.623759578660403,4.237846160254893,4.429455273251683,3.697408328168089,4.264385593157423,2.412567734587572,64.74692477423996
Argentina,2022,1.2904492808032562,4.146253214804603,4.530195927798776,4.507678941760774,-0.1054002017288398,4.464572606707027,4.611091377901885,4.261907587140854,4.431790706403246,3.6575637627314497,3.6160065104620966,2.3684835849166603,66.73095716358627
Argentina,2023,1.2904492808032562,4.189795067314174,4.530195927798776,4.268685704379358,-0.3571300238567617,4.463036562993165,4.611091377901885,4.282018832550691,4.430623698940526,3.6575637627314497,3.453173290310966,2.3684835849166603,63.78650486472085
Armenia,2021,1.2904492808032562,3.7650200381465737,4.530195927798776,4.483606477940104,-0.3571300238567617,4.464572606707027,4.46835230140887,4.215694631118868,4.469860302852057,3.289338160893413,3.985185994483083,3.890339606981114,61.68608932684626
Armenia,2022,1.2904492808032562,3.7650200381465737,4.530195927798776,4.485635708336838,-0.3571300238567617,4.464572606707027,4.458940361838919,4.248511674772312,4.470102073903053,3.289338160893413,3.257315579097382,3.8827883640391097,63.5719328694772
Armenia,2023,1.2904492808032562,4.189795067314174,4.530195927798776,4.268685704379358,-0.3571300238567617,4.463036562993165,4.468331201418133,4.282905882619777,4.430623698940526,3.289338160893413,2.913668321769394,3.8827883640391097,64.54406638498445
Australia,2021,1.2904492808032562,4.513604000327513,4.530195927798776,4.530195927798776,-0.2233216140000439,4.464572606707027,4.529510159945508,4.353275892322599,4.530195927798776,3.4950523895136545,1.379448141588215,2.886126718541812,71.62002942718753
Australia,2022,1.2904492808032562,4.513604000327513,4.530195927798776,4.530195927798776,-0.3571300238567617,4.464572606707027,4.521769731938039,4.352112065635563,4.530195927798776,3.492108663266857,1.379448141588215,2.8612400934348163,69.78424831455823
Australia,2023,1.2904492808032562,4.189795067314174,4.530195927798776,4.268685704379358,-0.3571300238567617,4.463036562993165,4.521769731938039,4.35037790871073,4.430623698940526,3.492163258139891,0.6914328000258148,2.858936242195275,69.70276835034154
Austria,2021,1.2904492808032562,4.530195927798776,4.530195927798776,4.530195927798776,-0.2233216140000439,4.464572606707027,4.545974418089453,4.328418453678567,4.5299296976917525,3.3826935045363213,1.780333829303916,0.0952777194506167,75.59180576621252
Austria,2022,1.2904492808032562,4.146253214804603,4.530195927798776,4.530195927798776,-0.2233216140000439,4.464572606707027,4.537671863369217,4.329669428808498,4.5299285101817794,3.3826935045363213,1.9324389107446345,0.0952777194506167,75.26788013336443
Austria,2023,1.2904492808032562,4.189795067314174,4.530195927798776,4.268685704379358,-0.2233216140000439,4.463036562993165,4.537671863369217,4.332601384686677,4.430623698940526,3.3826935045363213,1.780333829303916,0.0952777194506167,74.50287719655245
Bangladesh,2021,1.0943097372145796,3.831211759228817,4.515570928516569,2.263864497664974,-0.1054002017288398,4.510646037948736,4.669124272954464,4.199796702105419,4.0010192385422325,3.464923717433542,5.169907533787842,4.239837330259129,56.04461682931273
Bangladesh,2022,1.0943097372145796,4.146253214804603,4.522423640704702,2.386356903945146,-0.1054002017288398,4.510646037948736,4.687462510594733,4.241994146613646,4.023532937108558,3.464923717433542,4.7912267051822095,4.239837330259129,58.46611677544718
Bangladesh,2023,1.24717034366542,4.189795067314174,4.526317643555721,4.268685704379358,-0.2233216140000439,4.510646037948736,4.636311068168982,4.247293726682471,4.430623698940526,3.464923717433542,4.665364393851121,4.239837330259129,64.29705903778505
Belgium,2021,1.2904492808032562,4.510053351212584,4.530195927798776,4.530195927798776,-0.2233216140000439,4.464572606707027,4.547657888155756,4.335553329899791,4.52521151327527,3.2427366844294943,1.9324389107446345,-1.6187316163154453,79.4399911991741
Belgium,2022,1.2904492808032562,4.146253214804603,4.530195927798776,4.530195927798776,-0.2233216140000439,4.464572606707027,4.551033196415692,4.335061967552642,4.525211570987431,3.2427366844294943,2.3774611565447525,-1.6187316163154453,78.80376832889856
Belgium,2023,1.2904492808032562,4.189795067314174,4.530195927798776,4.268685704379358,-0.3571300238567617,4.463036562993165,4.551033196415692,4.342721734444271,4.430623698940526,3.2427366844294943,1.379448141588215,-1.6187316163154453,77.73012232210988
Bosnia and Herzegovina,2021,1.2904492808032562,4.215854985523038,4.530195927798776,2.495175944575492,-0.511759409892192,4.464572606707027,4.409135906860375,4.2459293028064495,4.429455273251683,3.4950523895136545,2.541578176113876,2.886126718541812,57.41798937866176
Bosnia and Herzegovina,2022,1.2904492808032562,4.215854985523038,4.530195927798776,2.4380928836666627,-0.511759409892192,4.464572606707027,4.404487094660414,4.2742469427792456,4.431790706403246,3.492108663266857,2.462967195874403,2.8612400934348163,58.24325276544069
Bosnia and Herzegovina,2023,1.2904492808032562,4.189795067314174,4.530195927798776,4.268685704379358,-0.511759409892192,4.463036562993165,4.398014161788612,4.287701010269663,4.430623698940526,3.492163258139891,1.780333829303916,2.858936242195275,62.37571880527246
Brazil,2021,1.2904492808032562,4.33779883867674,4.503708507839047,4.343925616046772,-0.2233216140000439,4.490690117872608,4.5632144956851866,4.225838441065631,4.436895281269991,3.912645233989557,4.768851245681425,3.3066818638712534,58.31090363444081
Brazil,2022,1.2904492808032562,4.146253214804603,4.503708507839047,4.350946829265544,-0.2233216140000439,4.490690117872608,4.567865137991193,4.249887292033837,4.437668161671668,3.8959645245885866,4.568141227800334,3.1216445312858943,59.80847665857232
Brazil,2023,1.2904492808032562,4.189795067314174,4.520470705025596,4.268685704379358,-0.2233216140000439,4.490690117872608,4.567865137991193,4.262444603933691,4.430623698940526,3.8959645245885866,4.142131924039544,3.1216445312858943,60.78453558236207
Bulgaria,2021,1.2904492808032562,4.23682277467755,4.525345621415629,4.265126581452403,-0.6948672334338909,4.464572606707027,4.486761089793335,4.201285177972425,4.384690906302208,3.6160065104620966,2.180059276300842,1.7468596656256514,58.186249873467744
Bulgaria,2022,1.2904492808032562,4.146253214804603,4.526317643555721,4.272231716315988,-0.6948672334338909,4.464572606707027,4.489565479992447,4.240634942855975,4.384807478546046,3.6160065104620966,2.2837388334592723,1.7468596656256514,59.18775270604192
Bulgaria,2023,1.2904492808032562,4.189795067314174,4.530195927798776,4.268685704379358,-0.6948672334338909,4.463036562993165,4.489565479992447,4.26064463587267,4.430623698940526,3.6160065104620966,1.780333829303916,1.7468596656256514,60.7381654159658
Canada,2021,1.2904492808032562,4.524080520675882,4.530195927798776,4.530195927798776,-0.1054002017288398,4.464572606707027,4.493640531886939,4.332308590822679,4.516440659609206,3.4950523895136545,2.6143204865440173,2.886126718541812,70.07208686271265
Canada,2022,1.2904492808032562,4.524080520675882,4.530195927798776,4.530195927798776,-0.1054002017288398,4.464572606707027,4.490806801029332,4.329076145703312,4.516438618948734,3.492108663266857,2.6820073290065607,2.8612400934348163,69.90247011514828
Canada,2023,1.2904492808032562,4.189795067314174,4.530195927798776,4.268685704379358,-0.1054002017288398,4.463036562993165,4.490806801029332,4.333849831359989,4.430623698940526,3.492163258139891,2.462967195874403,2.858936242195275,69.37294294609448
Colombia,2021,1.2904492808032562,3.8114180866073,4.530195927798776,4.136321059180745,-0.2233216140000439,4.500719879266091,4.5910119486857,4.221313333828104,4.468998903404843,3.952246216673937,4.902469433322195,3.610997915515573,58.12922880067094
Colombia,2022,1.2904492808032562,3.8114180866073,4.530195927798776,4.163615767887205,-0.2233216140000439,4.500719879266091,4.575834838366406,4.270844331811863,4.477809552139118,3.946940832685776,4.238527813496959,3.5049623028558106,60.5773444963011
Colombia,2023,1.2904492808032562,4.189795067314174,4.478514577736145,4.268685704379358,-0.3571300238567617,4.500719879266091,4.575834838366406,4.28614331146475,4.430623698940526,3.946940832685776,4.018685621865908,3.5049623028558106,58.998909018350055
Costa Rica,2021,1.2904492808032562,3.989098189141475,4.530195927798776,4.419019665287327,-0.1054002017288398,4.464572606707027,4.612246070073992,4.290188096434567,4.51273201772869,3.8322108448281,3.733465817149108,2.6487517022372145,65.35204783210555
Costa Rica,2022,1.2904492808032562,3.989098189141475,4.530195927798776,4.428208925912166,-0.1054002017288398,4.464572606707027,4.60115728674379,4.305783977840881,4.514426878100972,3.8017793242663744,3.257315579097382,2.6213047656185338,66.7413685315201
Costa Rica,2023,1.2904492808032562,4.189795067314174,4.530195927798776,4.268685704379358,-0.3571300238567617,4.463036562993165,4.60115728674379,4.323737331037643,4.430623698940526,3.791418622098706,3.142226595841181,2.5186530736955857,63.55337029013109
Cote d'Ivoire,2021,1.24717034366542,3.7336869991166273,3.7596526463872535,1.8593352801383127,-0.3571300238567617,4.384178472983526,4.457031457616055,4.039691480006754,3.5458584816877705,3.518869753254099,5.996725705263154,4.269474836687437,29.334045002912656
Cote d'Ivoire,2022,1.24717034366542,3.7336869991166273,3.761803182415023,1.9872302552223304,-0.3571300238567617,4.349780179805614,4.476970902151026,4.059965602701667,3.563714717588569,3.518869753254099,5.886289136570312,4.269474836687437,29.092428330365074
Cote d'Ivoire,2023,1.24717034366542,4.189795067314174,3.8181287052871977,4.268685704379358,-0.2233216140000439,4.361383491624109,4.54603512709624,4.065971895859735,4.430623698940526,3.518869753254099,5.761324677044128,4.269474836687437,42.096496929430735
Croatia,2021,1.2904492808032562,4.366674376248888,4.530195927798776,4.530195927798776,-0.6948672334338909,4.464572606707027,4.527717068298465,4.269784287796243,4.492430927592583,3.3237207242152764,2.462967195874403,0.5865535466977891,66.25668646608241
Croatia,2022,1.2904492808032562,4.146253214804603,4.530195927798776,4.530195927798776,-0.6948672334338909,4.464572606707027,4.5352911864067,4.28427835851358,4.492430927592583,3.3237207242152764,1.780333829303916,0.5865535466977891,67.81160432024109
Croatia,2023,1.2904492808032562,4.189795067314174,4.530195927798776,4.268685704379358,-0.6948672334338909,4.463036562993165,4.5352911864067,4.295429316327595,4.430623698940526,3.3237207242152764,1.0943097372145796,0.5865535466977891,68.3078223181184
Cyprus,2021,1.2904492808032562,4.436244798376317,4.530195927798776,4.530195927798776,-0.6948672334338909,4.464572606707027,4.521475143730415,4.321022891587426,4.524336403636174,3.401579615928653,4.510646037948736,-2.3216392926406413,67.7018815244645
Cyprus,2022,1.2904492808032562,4.146253214804603,4.530195927798776,4.530195927798776,-0.6948672334338909,4.464572606707027,4.5007362455862925,4.319349580090324,4.524341228225046,3.401579615928653,3.9144809751271215,-2.3216392926406413,68.2390877555962
Cyprus,2023,1.2904492808032562,4.189795067314174,4.530195927798776,4.268685704379358,-0.6948672334338909,4.463036562993165,4.5007362455862925,4.3338666207608485,4.430623698940526,3.401579615928653,2.6143204865440173,-2.3216392926406413,69.57002413475293
Czechia,2021,1.2904492808032562,4.479127032047622,4.530195927798776,4.530195927798776,-0.3571300238567617,4.464572606707027,4.546295348074604,4.279848911232251,4.521805350479342,3.2279352979437386,1.379448141588215,-1.2091686164783046,76.55338079245729
Czechia,2022,1.2904492808032562,4.146253214804603,4.530195927798776,4.530195927798776,-0.3571300238567617,4.464572606707027,4.539587518611835,4.301046575420248,4.521802629442442,3.2279352979437386,1.0943097372145796,-1.2091686164783046,77.47175422076906
Czechia,2023,1.2904492808032562,4.189795067314174,4.530195927798776,4.268685704379358,-0.3571300238567617,4.463036562993165,4.539587518611835,4.312627675327093,4.430623698940526,3.2279352979437386,1.0943097372145796,-1.2091686164783046,76.76511730110654
Denmark,2021,1.2904492808032562,4.530195927798776,4.530195927798776,4.530195927798776,-0.2233216140000439,4.464572606707027,4.533175609284664,4.330976849461513,4.526290709952486,3.3032378563244813,2.0640629157319244,-1.2091686164783046,77.66316472971482
Denmark,2022,1.2904492808032562,4.146253214804603,4.530195927798776,4.530195927798776,-0.3571300238567617,4.464572606707027,4.532558393133868,4.329785715944079,4.526290724398123,3.3032378563244813,1.780333829303916,-1.2091686164783046,76.30002595770151
Denmark,2023,1.2904492808032562,4.189795067314174,4.530195927798776,4.268685704379358,-0.3571300238567617,4.463036562993165,4.532558393133868,4.336304340207006,4.430623698940526,3.3032378563244813,1.379448141588215,-1.2091686164783046,76.03358979983508
Dominican Republic,2021,1.2904492808032562,3.6130044667935137,4.478514577736145,4.299457844608495,-0.511759409892192,4.520470705025596,4.499426515715913,4.208677419578176,4.408569900700682,3.6034360573704793,4.941067287237012,3.109082511549275,57.49176904183767
Dominican Republic,2022,1.2904492808032562,3.6130044667935137,4.475446438362586,4.312893975821669,-0.3571300238567617,4.520470705025596,4.534947606276882,4.241288811179494,4.413920153030632,3.5647138791301503,4.7381813556045485,3.034654209672438,61.8395572746697
Dominican Republic,2023,1.2904492808032562,4.189795067314174,4.512619024276643,4.268685704379358,-0.2233216140000439,4.520470705025596,4.477661120775309,4.234851662957568,4.430623698940526,3.5647138791301503,4.7381813556045485,3.034654209672438,62.89610232247459
El Salvador,2021,1.2904492808032562,3.104011834106672,4.471340290937807,4.357917169950576,-0.3571300238567617,4.449490436006957,4.421703765723341,4.183812938617029,4.399725360412502,3.6160065104620966,4.002081242479862,3.3066818638712534,55.293605429509086
El Salvador,2022,1.2904492808032562,4.146253214804603,4.530195927798776,4.384178472983526,-0.3571300238567617,4.4703110073120405,4.420963726051289,4.211538696967416,4.4015111167204335,3.610997915515573,3.6160065104620966,3.275236295661603,58.30150413353188
El Salvador,2023,1.2904492808032562,4.189795067314174,4.49672052745999,4.268685704379358,-0.3571300238567617,4.4703110073120405,4.439454908968092,4.213289058210551,4.430623698940526,3.610997915515573,3.6160065104620966,3.275236295661603,58.32001710453153
Estonia,2021,1.2904492808032562,4.524956537042111,4.530195927798776,4.530195927798776,-0.3571300238567617,4.464572606707027,4.518657435040975,4.276352079659014,4.521159857140312,3.417041574964676,2.0640629157319244,-0.3571300238567617,71.70963579431361
Estonia,2022,1.2904492808032562,4.146253214804603,4.530195927798776,4.530195927798776,-0.3571300238567617,4.464572606707027,4.523045957099933,4.287625083422729,4.5210591571361975,3.417041574964676,1.9324389107446345,-0.3571300238567617,72.28987581551908
Estonia,2023,1.2904492808032562,4.189795067314174,4.530195927798776,4.268685704379358,-0.3571300238567617,4.463036562993165,4.523045957099933,4.295640179799671,4.430623698940526,3.417041574964676,1.6002152171414048,-0.3571300238567617,71.99211463062676
Fiji,2021,1.379448141588215,4.231453370382992,4.393147319313519,3.3601841066899123,-0.511759409892192,4.490690117872608,4.629525622442448,4.111286137000508,4.463415906850448,3.4950523895136545,4.156507585213647,2.886126718541812,57.55588876410271
Fiji,2022,1.379448141588215,4.146253214804603,4.393147319313519,3.420104569584108,-0.3571300238567617,4.510646037948736,4.605048161671199,4.144273092876437,4.4604123398208,3.492108663266857,3.423157908928527,2.8612400934348163,62.30773543013816
Fiji,2023,1.379448141588215,4.189795067314174,4.513604000327513,4.268685704379358,-0.2233216140000439,4.510646037948736,4.601488966064533,4.146697856466305,4.430623698940526,3.492163258139891,3.3601841066899123,2.858936242195275,66.43630299502613
Finland,2021,1.2904492808032562,4.5187096625470655,4.530195927798776,4.530195927798776,-0.2233216140000439,4.464572606707027,4.523921097787183,4.336679625642863,4.524839330618081,3.282312865087391,2.0640629157319244,-2.3216392926406413,79.40159946631852
Finland,2022,1.2904492808032562,4.146253214804603,4.530195927798776,4.530195927798776,-0.3571300238567617,4.464572606707027,4.5167395251226585,4.328389341872828,4.524839266034213,3.282312865087391,2.0640629157319244,-2.3216392926406413,77.30955620684064
Finland,2023,1.2904492808032562,4.189795067314174,4.530195927798776,4.268685704379358,-0.3571300238567617,4.463036562993165,4.5167395251226585,4.334309986482561,4.430623698940526,3.282312865087391,2.0640629157319244,-2.3216392926406413,76.42739133360666
France,2021,1.2904492808032562,4.514587967722026,4.530195927798776,4.530195927798776,-0.3571300238567617,4.464572606707027,4.554845419045689,4.341860895757663,4.51701211659812,3.40779404616066,2.180059276300842,-0.6948672334338909,74.44803940907167
France,2022,1.2904492808032562,4.146253214804603,4.530195927798776,4.530195927798776,-0.3571300238567617,4.464572606707027,4.5561665058222935,4.339561553162088,4.5170042120172,3.40779404616066,2.180059276300842,-0.6948672334338909,74.40442034013078
France,2023,1.2904492808032562,4.189795067314174,4.530195927798776,4.268685704379358,-0.3571300238567617,4.463036562993165,4.5561665058222935,4.348954133627585,4.430623698940526,3.40779404616066,1.9324389107446345,-0.6948672334338909,74.04085426173978
Georgia,2021,1.2904492808032562,4.073870695233012,4.530195927798776,4.343925616046772,-0.1054002017288398,4.464572606707027,4.558481875916026,4.2070269734249,4.388018274203701,3.488005248423584,4.035008944794322,3.957522587642844,63.01416144829012
Georgia,2022,1.2904492808032562,4.073870695233012,4.530195927798776,4.376261532418839,-0.1054002017288398,4.464572606707027,4.573226014228436,4.240373717738035,4.387080280516013,3.4678391792038923,3.05714317652286,3.812030073176848,66.12036412991574
Georgia,2023,1.2904492808032562,4.189795067314174,4.530195927798776,4.268685704379358,-0.3571300238567617,4.463036562993165,4.561962926982703,4.24500559533364,4.430623698940526,3.4678391792038923,2.963884083047296,3.812030073176848,62.94032021628362
Germany,2021,1.2904492808032562,4.52961518225522,4.530195927798776,4.530195927798776,-0.3571300238567617,4.464572606707027,4.543137808114528,4.323632305822261,4.522676179800672,3.4950523895136545,1.379448141588215,2.886126718541812,69.21039145113835
Germany,2022,1.2904492808032562,4.146253214804603,4.530195927798776,4.530195927798776,-0.3571300238567617,4.464572606707027,4.532304294663637,4.321444357281838,4.522679217940997,3.492108663266857,1.379448141588215,2.8612400934348163,69.049015262281
Germany,2023,1.2904492808032562,4.189795067314174,4.530195927798776,4.268685704379358,-0.3571300238567617,4.463036562993165,4.532304294663637,4.320643502603089,4.430623698940526,3.492163258139891,1.379448141588215,2.858936242195275,67.99521963104583
Greece,2021,1.2904492808032562,4.445694367047139,4.530195927798776,4.530195927798776,-0.2233216140000439,4.464572606707027,4.504020002549066,4.315110285345719,4.520443152817359,3.450213269127254,2.180059276300842,1.060669303168407,71.85257244135056
Greece,2022,1.2904492808032562,4.146253214804603,4.530195927798776,4.530195927798776,-0.2233216140000439,4.464572606707027,4.5416615374881255,4.32360304884619,4.520476404645807,3.450213269127254,2.2837388334592723,1.060669303168407,72.5127312061087
Greece,2023,1.2904492808032562,4.189795067314174,4.530195927798776,4.268685704379358,-0.2233216140000439,4.463036562993165,4.5416615374881255,4.332543412778207,4.430623698940526,3.450213269127254,1.6002152171414048,1.060669303168407,72.77673948547533
Guatemala,2021,1.2904492808032562,3.47855069661659,4.511633037506723,2.763504559615122,-0.3571300238567617,4.438908565758322,4.566371387108767,4.154479261879046,4.17176847008165,3.4950523895136545,4.745941255014033,2.886126718541812,53.50295709201108
Guatemala,2022,1.2904492808032562,3.47855069661659,4.511633037506723,2.8104633743771608,-0.3571300238567617,4.428208925912166,4.567268612459448,4.201200791684515,4.17937437280773,3.492108663266857,4.500719879266091,2.8612400934348163,54.873936835235114
Guatemala,2023,1.2904492808032562,4.189795067314174,4.530195927798776,4.268685704379358,-0.2233216140000439,4.428208925912166,4.559230080472124,4.220031797293324,4.430623698940526,3.492163258139891,4.4703110073120405,2.858936242195275,61.04771339433616
Honduras,2021,1.24717034366542,3.2562297317546225,4.380793474880647,3.150338753604656,-0.3571300238567617,4.520470705025596,4.361147109400831,4.177565017310521,4.356784213478558,3.4950523895136545,4.406445682407856,2.886126718541812,55.151535563268496
Honduras,2022,1.24717034366542,4.146253214804603,4.393147319313519,3.178208933312466,-0.3571300238567617,4.520470705025596,4.3826707031017245,4.221540094943609,4.36595137365424,3.492108663266857,3.8181287052871977,2.8612400934348163,57.87704798270696
Honduras,2023,1.24717034366542,4.189795067314174,4.415210176982258,4.268685704379358,-0.2233216140000439,4.520470705025596,4.390379177962299,4.223791467858033,4.430623698940526,3.492163258139891,3.7976483691293854,2.858936242195275,62.15657186028978
Hungary,2021,1.2904492808032562,4.329131417914854,4.530195927798776,4.530195927798776,-0.2233216140000439,4.464572606707027,4.544205274239018,4.239390378415791,4.510460725717982,3.33380210454434,3.3601841066899123,0.7862396022033442,70.19993969231537
Hungary,2022,1.2904492808032562,4.146253214804603,4.530195927798776,4.530195927798776,-0.2233216140000439,4.464572606707027,4.563259360565285,4.262703961194104,4.510436041557326,3.33380210454434,2.6143204865440173,0.7862396022033442,72.27305700684869
Hungary,2023,1.2904492808032562,4.189795067314174,4.530195927798776,4.268685704379358,-0.2233216140000439,4.463036562993165,4.563259360565285,4.274167791166135,4.430623698940526,3.33380210454434,2.462967195874403,0.7862396022033442,71.86026098055672
Iceland,2021,1.2904492808032562,4.530195927798776,4.530195927798776,4.530195927798776,-0.2233216140000439,4.464572606707027,4.516231809669744,4.351714338711821,4.518317409423234,3.4950523895136545,1.6002152171414048,2.886126718541812,70.96629625084276
Iceland,2022,1.2904492808032562,4.146253214804603,4.530195927798776,4.530195927798776,-0.3571300238567617,4.464572606707027,4.515685303970618,4.339446441655135,4.518311285295035,3.492108663266857,1.6002152171414048,2.8612400934348163,68.93262228110785
Iceland,2023,1.2904492808032562,4.189795067314174,4.530195927798776,4.268685704379358,-0.3571300238567617,4.463036562993165,4.515685303970618,4.3451852116449325,4.430623698940526,3.492163258139891,1.0943097372145796,2.858936242195275,68.8536759003635
Indonesia,2021,1.2904492808032562,3.796198350987596,4.512619024276643,4.300687092401983,0.0,4.349780179805614,4.549267811210561,4.148656300573665,4.391535009399169,3.5243772613980267,5.316861828152207,4.077749505233739,54.533761651775734
Indonesia,2022,1.2904492808032562,4.146253214804603,4.512619024276643,4.341573778277523,0.0,4.349780179805614,4.536416803082465,4.197365381233327,4.408170714661317,3.5243772613980267,4.909011371965079,4.076199853624476,56.47450824261728
Indonesia,2023,1.2904492808032562,4.189795067314174,4.51655288476126,4.268685704379358,-0.3571300238567617,4.349780179805614,4.532400593866971,4.200383124352481,4.430623698940526,3.5407142070302653,4.8553808784377255,4.063712135518307,51.79210656119372
Ireland,2021,1.2904492808032562,4.523301168363859,4.530195927798776,4.530195927798776,-0.2233216140000439,4.464572606707027,4.530039631159392,4.341028018890583,4.420356671871079,3.363431925856895,1.780333829303916,-1.2091686164783046,77.0149896942952
Ireland,2022,1.2904492808032562,4.523301168363859,4.530195927798776,4.530195927798776,-0.2233216140000439,4.464572606707027,4.5265113638547305,4.344040192907983,4.420158171491165,3.363431925856895,1.9324389107446345,-1.2091686164783046,76.812558539729
Ireland,2023,1.2904492808032562,4.189795067314174,4.530195927798776,4.268685704379358,-0.2233216140000439,4.463036562993165,4.5265113638547305,4.34815589822076,4.430623698940526,3.363431925856895,1.379448141588215,-1.2091686164783046,77.34157648763617
Italy,2021,1.2904492808032562,4.478412464063285,4.530195927798776,4.530195927798776,-0.2233216140000439,4.464572606707027,4.5406843467157545,4.345642837837493,4.529083460982598,3.5049623028558106,1.9324389107446345,0.5296231607254906,73.79072241212934
Italy,2022,1.2904492808032562,4.146253214804603,4.530195927798776,4.530195927798776,-0.2233216140000439,4.464572606707027,4.545216612497974,4.346271718631416,4.529082877214812,3.5049623028558106,2.2837388334592723,0.5296231607254906,73.3455925639656
Italy,2023,1.2904492808032562,4.189795067314174,4.530195927798776,4.268685704379358,-0.2233216140000439,4.463036562993165,4.545216612497974,4.357917169950576,4.430623698940526,3.5049623028558106,1.780333829303916,0.5296231607254906,73.36056456255423
Japan,2021,1.2904492808032562,4.515276145849101,4.530195927798776,4.530195927798776,-0.2233216140000439,4.464572606707027,4.551424509209403,4.366509300967585,4.529621332368425,3.4950523895136545,1.379448141588215,2.886126718541812,72.32290627332696
Japan,2022,1.2904492808032562,4.515276145849101,4.530195927798776,4.530195927798776,-0.2233216140000439,4.464572606707027,4.550860095466105,4.361341294553784,4.529592806352739,3.492108663266857,1.6002152171414048,2.8612400934348163,71.90224602419195
Japan,2023,1.2904492808032562,4.189795067314174,4.530195927798776,4.268685704379358,-0.2233216140000439,4.463036562993165,4.550860095466105,4.361858784083369,4.430623698940526,3.492163258139891,1.0943097372145796,2.858936242195275,71.61091397416595
Kazakhstan,2021,1.2904492808032562,4.338980099158897,4.530195927798776,4.415210176982258,-0.511759409892192,4.464572606707027,4.534779187635558,4.186444670305935,4.509303746997722,3.33380210454434,3.1006166095124894,2.3410445738041448,62.922814631245735
Kazakhstan,2022,1.2904492808032562,4.338980099158897,4.530195927798776,4.411932845837531,-0.3571300238567617,4.464572606707027,4.538973251174082,4.231992960990327,4.509270897428797,3.33380210454434,2.6143204865440173,2.3410445738041448,67.00936594636502
Kazakhstan,2023,1.2904492808032562,4.189795067314174,4.530195927798776,4.268685704379358,-0.3571300238567617,4.463036562993165,4.535241024599271,4.243781293729566,4.430623698940526,3.33380210454434,2.2837388334592723,2.3410445738041448,67.01396438856865
Kenya,2021,1.24717034366542,4.148627528747372,4.159357155004836,2.157934854491025,-0.3571300238567617,4.372848507170412,4.538607614000773,4.054635610671928,3.5411125240409427,3.608483858743895,5.11368099916722,4.442095374740867,34.67149759085017
Kenya,2022,1.24717034366542,4.148627528747372,4.1127207072296175,2.322313865842118,-0.3571300238567617,4.372848507170412,4.539696444459828,4.09080664298515,3.5522208478211925,3.608483858743895,4.953595189933904,4.442095374740867,35.83748126051555
Kenya,2023,1.24717034366542,4.189795067314174,4.155079633366446,4.268685704379358,-0.2233216140000439,4.372848507170412,4.539926512213141,4.092287251455223,4.430623698940526,3.608483858743895,4.915508942973981,4.442095374740867,46.38889056442869
"Korea, Rep.",2021,1.2904492808032562,4.499621715725997,4.530195927798776,4.530195927798776,-0.1054002017288398,4.464572606707027,4.517296355653025,4.355910584459982,4.528541734905197,3.450213269127254,1.6002152171414048,-0.6948672334338909,78.02192886977365
"Korea, Rep.",2022,1.2904492808032562,4.146253214804603,4.530195927798776,4.530195927798776,-0.1054002017288398,4.464572606707027,4.520796763316844,4.34604308226757,4.528421444486799,3.450213269127254,1.9324389107446345,-0.6948672334338909,77.29710962308765
"Korea, Rep.",2023,1.2904492808032562,4.189795067314174,4.530195927798776,4.268685704379358,-0.1054002017288398,4.463036562993165,4.520796763316844,4.35477826778316,4.430623698940526,3.450213269127254,1.379448141588215,-0.6948672334338909,77.31023623283899
Kosovo,2021,1.24717034366542,3.893531083665952,4.478310339540222,4.265126581452403,-0.2521129241629855,4.464572606707027,4.538607614000773,4.251297849086378,4.429455273251683,3.4950523895136545,4.130083932473252,2.886126718541812,62.20841677136815
Kosovo,2022,1.24717034366542,4.146253214804603,4.478582647491295,4.272231716315988,-0.2694466460407482,4.464572606707027,4.539696444459828,4.284870358694869,4.431790706403246,3.492108663266857,3.835799018665414,2.8612400934348163,63.47273800125907
Kosovo,2023,1.24717034366542,4.189795067314174,4.487876406735756,4.268685704379358,-0.3086784511911473,4.463036562993165,4.539926512213141,4.289976943856829,4.430623698940526,3.492163258139891,3.702598985264727,2.858936242195275,63.309977491184725
Kyrgyz Republic,2021,1.496020670623451,3.735454634808882,4.526317643555721,4.134862850773077,-0.1054002017288398,4.464572606707027,4.484657716480447,4.210608365019847,4.509444066716166,3.320336827886938,4.184630930584181,4.069976214942045,67.05098378184282
Kyrgyz Republic,2022,1.496020670623451,4.146253214804603,4.526317643555721,4.133402432221568,-0.1054002017288398,4.464572606707027,4.472276526397579,4.212613263834126,4.509307737052172,3.2353642247726886,3.733465817149108,4.036626182022082,68.59980158304094
Kyrgyz Republic,2023,1.496020670623451,4.189795067314174,4.530195927798776,4.268685704379358,-0.2233216140000439,4.463036562993165,4.492501478672066,4.215301813649723,4.430623698940526,3.2353642247726886,3.688179796813938,4.036626182022082,67.22213033381323
Latvia,2021,1.2904492808032562,4.470928709744926,4.530195927798776,4.530195927798776,-0.2233216140000439,4.464572606707027,4.527684279528833,4.225074496024621,4.454080287290617,3.4908521307002003,3.688179796813938,0.7399733499835561,67.00466269226939
Latvia,2022,1.2904492808032562,4.146253214804603,4.530195927798776,4.530195927798776,-0.2233216140000439,4.464572606707027,4.524547524636053,4.242164509258351,4.454080287290617,3.4908521307002003,3.327092848349652,0.7399733499835561,67.97903863594983
Latvia,2023,1.2904492808032562,4.189795067314174,4.530195927798776,4.268685704379358,-0.2233216140000439,4.463036562993165,4.524547524636053,4.260269739327105,4.430623698940526,3.4908521307002003,2.913668321769394,0.7399733499835561,68.48370966343805
Lithuania,2021,1.2904492808032562,4.442413475404549,4.530195927798776,4.530195927798776,-0.2233216140000439,4.464572606707027,4.541288192644872,4.2390071116279895,4.478473310278309,3.556779941017816,2.180059276300842,0.1822027993929217,70.03966316370179
Lithuania,2022,1.2904492808032562,4.442413475404549,4.530195927798776,4.530195927798776,-0.2233216140000439,4.464572606707027,4.548462302380953,4.259832175418479,4.483674895683786,3.556779941017816,2.180059276300842,0.1822027993929217,70.76061604079908
Lithuania,2023,1.2904492808032562,4.189795067314174,4.530195927798776,4.268685704379358,-0.2233216140000439,4.463036562993165,4.548462302380953,4.276905056227147,4.430623698940526,3.556779941017816,2.0640629157319244,0.1822027993929217,70.60952728158976
Luxembourg,2021,1.2904492808032562,4.231453370382992,4.530195927798776,4.530195927798776,-0.2233216140000439,4.464572606707027,4.515333514769561,4.345070771076167,4.506574554454809,3.444265945410496,1.780333829303916,-1.2091686164783046,76.50188656506235
Luxembourg,2022,1.2904492808032562,4.146253214804603,4.530195927798776,4.530195927798776,-0.2233216140000439,4.464572606707027,4.525192540954255,4.349153589034135,4.506548338542119,3.444265945410496,1.780333829303916,-1.2091686164783046,76.76744821515321
Luxembourg,2023,1.2904492808032562,4.189795067314174,4.530195927798776,4.268685704379358,-0.2233216140000439,4.463036562993165,4.525192540954255,4.353956503976397,4.430623698940526,3.444265945410496,2.3774611565447525,-1.2091686164783046,75.05782829227479
Malta,2021,1.2904492808032562,4.463593662504468,4.530195927798776,4.530195927798776,-0.6948672334338909,4.464572606707027,4.484760196253122,4.341085481828301,4.5298518336629945,3.4950523895136545,2.2837388334592723,2.886126718541812,63.0481987066279
Malta,2022,1.2904492808032562,4.146253214804603,4.530195927798776,4.530195927798776,-0.6948672334338909,4.464572606707027,4.465506790637803,4.343323863553381,4.529851615305726,3.492108663266857,2.2837388334592723,2.8612400934348163,62.879988937793144
Malta,2023,1.2904492808032562,4.189795067314174,4.530195927798776,4.268685704379358,-0.6948672334338909,4.463036562993165,4.465506790637803,4.355684227723666,4.430623698940526,3.492163258139891,2.0640629157319244,2.858936242195275,62.48262513244012
Mauritius,2021,1.2904492808032562,4.434108457765612,4.528258742596098,4.520470705025596,-0.2233216140000439,4.500719879266091,4.529092374144227,4.234328561038955,4.429455273251683,3.4950523895136545,4.3141061908271325,2.886126718541812,64.91432746676574
Mauritius,2022,1.2904492808032562,4.434108457765612,4.530195927798776,4.521447669054906,-0.2233216140000439,4.500719879266091,4.581064686042886,4.232146441742577,4.431790706403246,3.492108663266857,4.05106053568932,2.8612400934348163,66.1542594159756
Mauritius,2023,1.2904492808032562,4.189795067314174,4.530195927798776,4.268685704379358,-0.2233216140000439,4.500719879266091,4.630368282150904,4.230794197497165,4.430623698940526,3.492163258139891,4.127538522402239,2.858936242195275,66.35674794751448
Mexico,2021,1.2904492808032562,4.231453370382992,4.530195927798776,4.05106053568932,0.0,4.510646037948736,4.562158674688984,4.181160088340533,4.44935499634983,3.722341675574355,4.568141227800334,3.048209977215752,63.557637958114995
Mexico,2022,1.2904492808032562,3.425289533983396,4.530195927798776,4.076199853624476,0.0,4.510646037948736,4.549401297888234,4.238173938395189,4.454931074515693,3.722341675574355,3.7553371614125313,3.048209977215752,66.25188624158251
Mexico,2023,1.2904492808032562,4.189795067314174,4.521447669054906,4.268685704379358,-0.1054002017288398,4.510646037948736,4.549401297888234,4.252435141565786,4.430623698940526,3.722341675574355,3.688179796813938,3.048209977215752,65.45171940275914
Moldova,2021,1.2904492808032562,3.940357093420877,4.530195927798776,4.500719879266091,-0.3571300238567617,4.464572606707027,4.59364285840824,4.170545331632455,4.3658542969632,3.2091101874972097,3.142226595841181,2.641962123773806,65.63254138130914
Moldova,2022,1.2904492808032562,3.940357093420877,4.530195927798776,4.504702655382836,-0.3571300238567617,4.464572606707027,4.595405882288281,4.205821172565934,4.371833094077517,3.2091101874972097,2.913668321769394,2.641962123773806,67.02938160035305
Moldova,2023,1.2904492808032562,4.189795067314174,4.530195927798776,4.268685704379358,-0.3571300238567617,4.463036562993165,4.595405882288281,4.201091809474908,4.430623698940526,3.2091101874972097,2.913668321769394,2.641962123773806,66.80205265175917
Nepal,2021,1.24717034366542,3.745556268537521,4.467216526580823,3.1006166095124894,-0.1054002017288398,4.438908565758322,4.693024674218025,4.161985523913676,4.318942533507066,3.3601841066899123,5.059529710786081,3.735675362109709,59.1926293742029
Nepal,2022,1.24717034366542,4.146253214804603,4.467216526580823,3.170327363567325,-0.1054002017288398,4.438908565758322,4.696817999225946,4.185835856127659,4.318851877192066,3.3601841066899123,4.84846101388141,3.735675362109709,60.34445573846953
Nepal,2023,1.0943097372145796,4.189795067314174,4.464112051273217,4.268685704379358,-0.2233216140000439,4.459957092105254,4.730232970827117,4.189524347559341,4.430623698940526,3.3601841066899123,4.869072502363626,3.735675362109709,60.365335931268696
Netherlands,2021,1.2904492808032562,4.523690923541654,4.530195927798776,4.530195927798776,-0.2233216140000439,4.464572606707027,4.571654469202972,4.329843854241914,4.507458541480158,3.2091101874972097,1.6002152171414048,-1.2091686164783046,79.87829160507052
Netherlands,2022,1.2904492808032562,4.523690923541654,4.530195927798776,4.530195927798776,-0.2233216140000439,4.464572606707027,4.570143093804118,4.333470544420266,4.507384049628136,3.2091101874972097,1.379448141588215,-1.2091686164783046,80.29008393584142
Netherlands,2023,1.2904492808032562,4.189795067314174,4.530195927798776,4.268685704379358,-0.2233216140000439,4.463036562993165,4.570143093804118,4.337025913089888,4.430623698940526,3.2091101874972097,1.379448141588215,-1.2091686164783046,79.44601989065848
Nicaragua,2021,1.379448141588215,3.028262855730331,4.131939796840289,2.312812020478632,-0.3571300238567617,4.449490436006957,4.595207505806712,4.191232563311993,4.429455273251683,3.4950523895136545,4.7381813556045485,2.886126718541812,54.21598708199228
Nicaragua,2022,1.379448141588215,3.028262855730331,4.131939796840289,2.322313865842118,-0.3571300238567617,4.449490436006957,4.581401764985083,4.2445759646423,4.431790706403246,3.492108663266857,4.05106053568932,2.8612400934348163,56.624020613464324
Nicaragua,2023,1.379448141588215,4.189795067314174,4.198390562522746,4.268685704379358,-0.3571300238567617,4.428208925912166,4.58572678522599,4.2508580805576175,4.430623698940526,3.492163258139891,4.035008944794322,2.858936242195275,59.57995913760142
North Macedonia,2021,1.2904492808032562,4.285706703652479,4.530195927798776,4.043068142134369,-0.1054002017288398,4.464572606707027,4.462685381246236,4.228600815302585,4.52022450680345,3.4950523895136545,2.462967195874403,2.886126718541812,66.18997428583282
North Macedonia,2022,1.2904492808032562,4.146253214804603,4.530195927798776,4.068414006820885,-0.1054002017288398,4.464572606707027,4.505563314734678,4.244079411913978,4.520292864265742,3.492108663266857,1.0943097372145796,2.8612400934348163,69.4643051391616
North Macedonia,2023,1.2904492808032562,4.189795067314174,4.530195927798776,4.268685704379358,-0.2233216140000439,4.463036562993165,4.505563314734678,4.2556214115403055,4.430623698940526,3.492163258139891,1.0943097372145796,2.858936242195275,67.9567311813405
Norway,2021,1.2904492808032562,4.517337727854804,4.530195927798776,4.530195927798776,-0.1054002017288398,4.464572606707027,4.520208615025028,4.351685923352779,4.511140002448286,3.4950523895136545,0.6914328000258148,2.886126718541812,73.90461120347254
Norway,2022,1.2904492808032562,4.146253214804603,4.530195927798776,4.530195927798776,-0.1054002017288398,4.464572606707027,4.520145729641255,4.344040192907983,4.511129911445794,3.492108663266857,1.0943097372145796,2.8612400934348163,73.14680429683438
Norway,2023,1.2904492808032562,4.189795067314174,4.530195927798776,4.268685704379358,-0.1054002017288398,4.463036562993165,4.520145729641255,4.351089006849767,4.430623698940526,3.492163258139891,0.0,2.858936242195275,74.03905098791024
Pakistan,2021,0.913296453322576,2.8392583927890045,4.448437475127792,3.3237207242152764,-0.1054002017288398,4.384178472983526,4.365623803765619,4.124194812929253,4.1681978053992825,3.4950523895136545,5.164930459689645,2.886126718541812,44.065156622649674
Pakistan,2022,0.913296453322576,4.146253214804603,4.459957092105254,3.401579615928653,-0.1054002017288398,4.384178472983526,4.346025720533506,4.148152669522343,4.191931689209548,3.492108663266857,4.984216197497813,2.8612400934348163,45.13959795853127
Pakistan,2023,0.913296453322576,4.189795067314174,4.457872858146347,4.268685704379358,-0.2233216140000439,4.384178472983526,4.346025720533506,4.151486123232976,4.430623698940526,3.492163258139891,4.953595189933904,2.858936242195275,46.5135871455548
Paraguay,2021,1.2904492808032562,3.814880894436505,4.530195927798776,3.659953570223161,-0.511759409892192,4.490690117872608,4.455218686862221,4.1580473996515135,4.466211211507827,3.708821459958338,4.8553808784377255,3.002268455439918,52.895127789428486
Paraguay,2022,1.2904492808032562,4.146253214804603,4.530195927798776,3.674169687098445,-0.511759409892192,4.490690117872608,4.462358246186032,4.2162439794214,4.476191346255553,3.757497313177576,4.289566927152206,2.9589776528327145,55.07295000098096
Paraguay,2023,1.2904492808032562,4.189795067314174,4.525345621415629,4.268685704379358,-0.511759409892192,4.480554576182907,4.453458064857922,4.2364814042867085,4.430623698940526,3.757497313177576,4.002081242479862,2.9589776528327145,56.0863422688705
Peru,2021,1.2904492808032562,3.766945023136177,4.356758948171108,3.789333079555354,-0.1054002017288398,4.480554576182907,4.596724849637746,4.206498774604603,4.288068105691214,3.643099541884514,4.862251140065685,3.464923717433542,58.93775880605943
Peru,2022,1.2904492808032562,3.766945023136177,4.373987528417017,3.8675063323504872,-0.1054002017288398,4.500719879266091,4.601624243751164,4.274966400353457,4.295259905165445,3.647945027908059,4.326145083636247,3.4292358630913413,62.991356447572386
Peru,2023,1.2904492808032562,4.189795067314174,4.373987528417017,4.268685704379358,-0.2233216140000439,4.500719879266091,4.600064342448919,4.286330368485868,4.430623698940526,3.647945027908059,3.877085913603876,3.4292358630913413,63.86253723129411
Philippines,2021,1.2904492808032562,3.481999407267336,4.495718083416834,3.558106789823461,-0.1054002017288398,4.438908565758322,4.434748888054565,4.137413269084586,4.356585250155449,3.6575637627314497,4.941067287237012,3.955767001470244,52.937043290716254
Philippines,2022,1.2904492808032562,3.481999407267336,4.439972009589635,3.6308785323759936,-0.1054002017288398,4.438908565758322,4.448137745592167,4.177285768445752,4.370076901072351,3.6575637627314497,4.449490436006957,3.955767001470244,54.68418477303673
Philippines,2023,1.2904492808032562,4.189795067314174,4.5066878702329225,4.268685704379358,-0.2233216140000439,4.428208925912166,4.464204839150311,4.182313795379084,4.430623698940526,3.6575637627314497,4.361383491624109,3.955767001470244,55.14251635586434
Poland,2021,1.2904492808032562,4.469486786075747,4.530195927798776,4.530195927798776,-0.3571300238567617,4.464572606707027,4.496738781286399,4.256073446774175,4.520053794880976,3.310113679537784,0.6914328000258148,-0.1054002017288398,73.74936425698553
Poland,2022,1.2904492808032562,4.146253214804603,4.530195927798776,4.530195927798776,-0.511759409892192,4.464572606707027,4.535929032330361,4.279021861638265,4.520051111878725,3.310113679537784,0.6914328000258148,-0.1054002017288398,72.96948271724732
Poland,2023,1.2904492808032562,4.189795067314174,4.530195927798776,4.268685704379358,-0.511759409892192,4.463036562993165,4.535929032330361,4.295850997081986,4.430623698940526,3.310113679537784,0.6914328000258148,-0.1054002017288398,72.41925260284812
Portugal,2021,1.2904492808032562,4.402254396834458,4.530195927798776,4.530195927798776,-0.3571300238567617,4.464572606707027,4.576713424116949,4.330657421766143,4.526922865742832,3.499342889417148,2.913668321769394,0.5296231607254906,70.74229002673522
Portugal,2022,1.2904492808032562,4.402254396834458,4.530195927798776,4.530195927798776,-0.3571300238567617,4.464572606707027,4.621034697683088,4.333673235432267,4.526912587184408,3.499342889417148,2.745293930016413,0.5296231607254906,71.76535270903217
Portugal,2023,1.2904492808032562,4.189795067314174,4.530195927798776,4.268685704379358,-0.3571300238567617,4.463036562993165,4.621034697683088,4.341344022584276,4.430623698940526,3.499342889417148,2.6820073290065607,0.5296231607254906,71.01547120164891
Romania,2021,1.2904492808032562,3.98722911901838,4.530195927798776,4.530195927798776,-0.6948672334338909,4.464572606707027,4.436491991910788,4.222803058617114,4.409217938235534,3.47941402660718,2.963884083047296,1.946426894700076,58.70341873355262
Romania,2022,1.2904492808032562,3.98722911901838,4.530195927798776,4.530195927798776,-0.6948672334338909,4.464572606707027,4.371494496120636,4.253527983205543,4.409568748551563,3.47941402660718,2.541578176113876,1.946426894700076,59.19730575680172
Romania,2023,1.2904492808032562,4.189795067314174,4.530195927798776,4.268685704379358,-0.6948672334338909,4.463036562993165,4.371494496120636,4.2721020055712025,4.430623698940526,3.47941402660718,2.462967195874403,1.946426894700076,59.47238175765309
Rwanda,2021,1.496020670623451,4.231453370382992,3.5958146200648864,-0.2233216140000439,-0.2233216140000439,4.500719879266091,4.928779416688791,4.1399569544252985,4.2367454227213885,3.4950523895136545,5.429175063841983,2.886126718541812,52.79277471049267
Rwanda,2022,1.496020670623451,4.146253214804603,3.5958146200648864,-0.1054002017288398,-0.1054002017288398,4.500719879266091,4.913904809999841,4.149748993779452,4.236250851499318,3.492108663266857,5.350321683055404,2.8612400934348163,54.74839547106634
Rwanda,2023,1.496020670623451,4.189795067314174,4.00040497307388,4.268685704379358,-0.2233216140000439,4.500719879266091,4.934073558019886,4.153434867964652,4.430623698940526,3.492163258139891,5.329547041754804,2.858936242195275,65.43563455061367
Senegal,2021,1.24717034366542,3.821769484928462,3.72010139941796,1.9324389107446345,-0.1054002017288398,4.490690117872608,4.348909023560224,4.140218210155777,4.021043095710665,3.5434104196643568,5.462639329323101,4.259269300849933,41.86721833557463
Senegal,2022,1.24717034366542,4.146253214804603,3.72010139941796,1.9872302552223304,-0.1054002017288398,4.490690117872608,4.353028135956704,4.153477810577684,4.0379811660868015,3.5434104196643568,5.325337329130155,4.259269300849933,42.69537133470997
Senegal,2023,1.24717034366542,4.189795067314174,3.976626086642744,4.268685704379358,-0.2233216140000439,4.490690117872608,4.344993305197102,4.166204307545475,4.430623698940526,3.5434104196643568,5.362572937412224,4.259269300849933,49.62093544825184
Slovak Republic,2021,1.2904492808032562,4.437098007202466,4.530195927798776,4.530195927798776,-0.3571300238567617,4.464572606707027,4.530816655012334,4.246548524986779,4.506034466782104,3.1462911500023067,2.462967195874403,0.8727350484196807,71.77445069426453
Slovak Republic,2022,1.2904492808032562,4.437098007202466,4.530195927798776,4.530195927798776,-0.3571300238567617,4.464572606707027,4.533352146739112,4.276628607653158,4.506056626575417,3.1462911500023067,1.6002152171414048,0.8727350484196807,73.95834586082401
Slovak Republic,2023,1.2904492808032562,4.189795067314174,4.530195927798776,4.268685704379358,-0.3571300238567617,4.463036562993165,4.533352146739112,4.2897790788142816,4.430623698940526,3.1462911500023067,1.379448141588215,0.8727350484196807,73.7237625332291
Slovenia,2021,1.2904492808032562,4.506886166329482,4.530195927798776,4.530195927798776,-0.2233216140000439,4.464572606707027,4.528028616797257,4.322256265403128,4.513713838913327,3.154369546944839,2.0640629157319244,-2.3216392926406413,80.44072086536839
Slovenia,2022,1.2904492808032562,4.146253214804603,4.530195927798776,4.530195927798776,-0.2233216140000439,4.464572606707027,4.536360507168297,4.329524050122317,4.513713838913327,3.154369546944839,2.6820073290065607,-2.3216392926406413,79.83467502591864
Slovenia,2023,1.2904492808032562,4.189795067314174,4.530195927798776,4.268685704379358,-0.2233216140000439,4.463036562993165,4.536360507168297,4.337775775259972,4.430623698940526,3.154369546944839,1.0943097372145796,-2.3216392926406413,81.4904875663188
South Africa,2021,1.2904492808032562,4.287327392409719,4.464112051273217,4.191535317663024,-0.1054002017288398,4.406445682407856,4.511784064286876,4.067005851745378,4.275685236295882,3.4950523895136545,5.154897917504542,2.886126718541812,53.82830332388618
South Africa,2022,1.2904492808032562,4.146253214804603,4.464112051273217,4.203839841642778,-0.3571300238567617,4.406445682407856,4.491725234174545,4.119476248224037,4.285010790312262,3.492108663266857,4.776367889951104,2.8612400934348163,52.40041356561361
South Africa,2023,1.2904492808032562,4.189795067314174,4.4703110073120405,4.268685704379358,-0.3571300238567617,4.406445682407856,4.491725234174545,4.129580279213965,4.430623698940526,3.492163258139891,4.69025576685173,2.858936242195275,53.84054881633973
Spain,2021,1.2904492808032562,4.509954534538142,4.530195927798776,4.530195927798776,-0.2233216140000439,4.464572606707027,4.55784671309209,4.35185640291868,4.529410481673871,3.47941402660718,1.379448141588215,0.640383668319259,75.20799324280199
Spain,2022,1.2904492808032562,4.509954534538142,4.530195927798776,4.530195927798776,-0.2233216140000439,4.464572606707027,4.553576910835793,4.351344873561811,4.529408123709966,3.47941402660718,1.379448141588215,0.640383668319259,75.12785707909127
Spain,2023,1.2904492808032562,4.189795067314174,4.530195927798776,4.268685704379358,-0.2233216140000439,4.463036562993165,4.553576910835793,4.360032266419545,4.430623698940526,3.47941402660718,1.0943097372145796,0.640383668319259,74.72772299027031
Sri Lanka,2021,1.379448141588215,4.396266759298425,4.530195927798776,3.193782577946106,-0.2233216140000439,4.520470705025596,4.499439453609856,4.267925467178908,4.472537141041148,3.4950523895136545,3.4822862460894366,2.886126718541812,67.13741431271366
Sri Lanka,2022,1.379448141588215,4.146253214804603,4.530195927798776,3.239057459485839,-0.3571300238567617,4.520470705025596,4.489841448846242,4.280828198818115,4.481434118652716,3.492108663266857,3.05714317652286,2.8612400934348163,66.43342464277764
Sri Lanka,2023,1.379448141588215,4.189795067314174,4.530195927798776,4.268685704379358,-0.3571300238567617,4.520470705025596,4.489841448846242,4.283120422884044,4.430623698940526,3.492163258139891,2.8607169698748627,2.858936242195275,68.12590578976163
St. Lucia,2021,1.379448141588215,4.231453370382992,4.530195927798776,4.454738009361695,-0.511759409892192,4.464572606707027,4.565018137653018,4.172343655181813,4.354012060172683,3.4950523895136545,4.4703110073120405,2.886126718541812,58.89607970300946
St. Lucia,2022,1.379448141588215,4.146253214804603,4.530195927798776,4.448437475127792,-0.511759409892192,4.464572606707027,4.565018137653018,4.220939728485516,4.353950136922065,3.492108663266857,3.8181287052871977,2.8612400934348163,61.292849323895815
St. Lucia,2023,1.379448141588215,4.189795067314174,4.530195927798776,4.268685704379358,-0.6948672334338909,4.463036562993165,4.536696029963419,4.22129999327585,4.430623698940526,3.492163258139891,3.733465817149108,2.858936242195275,58.70081868558302
Sweden,2021,1.2904492808032562,4.522618716125832,4.530195927798776,4.530195927798776,-0.2233216140000439,4.464572606707027,4.684897662476197,4.3504348159087405,4.519117583857265,3.353655629499739,1.6002152171414048,0.3360679180924957,78.56074004249784
Sweden,2022,1.2904492808032562,4.522618716125832,4.530195927798776,4.530195927798776,-0.2233216140000439,4.464572606707027,4.677271582026443,4.350463268245448,4.5191092581852885,3.353655629499739,1.6002152171414048,0.3360679180924957,78.44379337483151
Sweden,2023,1.2904492808032562,4.189795067314174,4.530195927798776,4.268685704379358,-0.2233216140000439,4.463036562993165,4.677271582026443,4.353389361043001,4.430623698940526,3.353655629499739,1.379448141588215,0.3360679180924957,77.8471142477405
Switzerland,2021,1.2904492808032562,4.525248365093032,4.530195927798776,4.530195927798776,-0.1054002017288398,4.464572606707027,4.544394199323218,4.358509865884784,4.529226601903581,3.4950523895136545,1.379448141588215,2.886126718541812,73.53230582319266
Switzerland,2022,1.2904492808032562,4.146253214804603,4.530195927798776,4.530195927798776,-0.2233216140000439,4.464572606707027,4.543295483979559,4.356815479159295,4.529226620779053,3.492108663266857,1.379448141588215,2.8612400934348163,71.9921126495498
Switzerland,2023,1.2904492808032562,4.189795067314174,4.530195927798776,4.268685704379358,-0.2233216140000439,4.463036562993165,4.543295483979559,4.362030281685971,4.430623698940526,3.492163258139891,1.6002152171414048,2.858936242195275,70.73200249723199
Tajikistan,2021,1.379448141588215,3.5965794715556507,4.528258742596098,4.31773370026202,-0.1054002017288398,4.464572606707027,4.541734825106182,4.17898792862555,4.498294525340159,3.4950523895136545,3.1821258410900186,2.886126718541812,66.61488596388033
Tajikistan,2022,1.379448141588215,4.146253214804603,4.530195927798776,4.334483572748235,-0.3571300238567617,4.464572606707027,4.543124955160654,4.206038057094309,4.498205520660649,3.492108663266857,2.6143204865440173,2.8612400934348163,65.06654701746395
Tajikistan,2023,1.379448141588215,4.189795067314174,4.530195927798776,4.268685704379358,-0.3571300238567617,4.463036562993165,4.536177252059143,4.20912336613853,4.430623698940526,3.492163258139891,2.6143204865440173,2.858936242195275,64.46929986063887
Thailand,2021,1.2904492808032562,4.507480809212576,4.530195927798776,4.299457844608495,0.0,4.520470705025596,4.569904384509076,4.284658036123888,4.520542223534283,3.5077598239983674,3.59070009762418,2.4792045228261546,72.4998684954355
Thailand,2022,1.2904492808032562,4.507480809212576,4.530195927798776,4.315316880691863,0.0,4.520470705025596,4.57832884253269,4.255298264618852,4.520623423682848,3.5077598239983674,4.639810257551124,2.4792045228261546,70.24836809781642
Thailand,2023,1.2904492808032562,4.189795067314174,4.530195927798776,4.268685704379358,-0.1054002017288398,4.490690117872608,4.563384786460786,4.2696270990648975,4.430623698940526,3.5077598239983674,3.4822862460894366,2.4792045228261546,68.78942439087567
Turkiye,2021,1.2904492808032562,4.056932543275021,4.530195927798776,4.356758948171108,-0.2233216140000439,4.500719879266091,4.554996221058384,4.260832653994308,4.522784363634038,3.742273846066933,2.963884083047296,2.0135171652667867,66.79639976153024
Turkiye,2022,1.2904492808032562,4.056932543275021,4.530195927798776,4.357917169950576,-0.2233216140000439,4.500719879266091,4.553970717909556,4.284470653774656,4.522899067885032,3.742273846066933,3.011632214846822,2.0135171652667867,67.36823101254704
Turkiye,2023,1.2904492808032562,4.189795067314174,4.530195927798776,4.268685704379358,-0.511759409892192,4.500719879266091,4.553970717909556,4.279020635852276,4.430623698940526,3.742273846066933,2.6820073290065607,2.0135171652667867,63.252152900383706
Uganda,2021,1.0943097372145796,3.884492551223467,3.535299141788421,-1.2091686164783046,-0.3571300238567617,4.349780179805614,4.538607614000773,4.134132918182464,3.002839296477356,3.4950523895136545,5.273318241354789,2.886126718541812,22.308171444904133
Uganda,2022,1.0943097372145796,3.884492551223467,3.535299141788421,-1.2091686164783046,-0.3571300238567617,4.326145083636247,4.539696444459828,4.151858982252294,3.012197250337841,3.492108663266857,5.118931295893618,2.8612400934348163,22.068757497274774
Uganda,2023,1.0943097372145796,4.189795067314174,3.697408328168089,4.268685704379358,-0.2233216140000439,4.326145083636247,4.539926512213141,4.160096664603084,4.430623698940526,3.492163258139891,5.042668175537585,2.858936242195275,42.770670884724616
United Kingdom,2021,1.2904492808032562,4.526026140156374,4.530195927798776,4.530195927798776,-0.2233216140000439,4.464572606707027,4.549712693985162,4.321916343928231,4.5215049803882295,3.435275914437561,2.541578176113876,-0.3571300238567617,74.27940975162241
United Kingdom,2022,1.2904492808032562,4.146253214804603,4.530195927798776,4.530195927798776,-0.2233216140000439,4.464572606707027,4.553200384919759,4.326279303324408,4.521494443290571,3.435275914437561,2.6820073290065607,-0.3571300238567617,74.24164478765358
United Kingdom,2023,1.2904492808032562,4.189795067314174,4.530195927798776,4.268685704379358,-0.2233216140000439,4.463036562993165,4.553200384919759,4.328989449207343,4.430623698940526,3.435275914437561,2.0640629157319244,-0.3571300238567617,74.2268744624833
United States,2021,1.2904492808032562,4.441564972959626,4.530195927798776,4.530195927798776,-0.1054002017288398,4.464572606707027,4.5136580323708015,4.2685768654996,4.526790349933742,3.633335120260084,3.3921825797751897,0.0,69.8099563972878
United States,2022,1.2904492808032562,4.146253214804603,4.530195927798776,4.530195927798776,-0.1054002017288398,4.464572606707027,4.500437801903929,4.282509024955804,4.526624704128495,3.671814802472726,2.963884083047296,0.6914328000258148,69.27841556524572
United States,2023,1.2904492808032562,4.189795067314174,4.530195927798776,4.268685704379358,-0.2233216140000439,4.463036562993165,4.500437801903929,4.294344145245156,4.430623698940526,3.671814802472726,2.804715965041384,0.6914328000258148,67.24867960290904
Uruguay,2021,1.2904492808032562,4.085921324209879,4.530195927798776,4.530195927798776,-0.1054002017288398,4.464572606707027,4.604561914891495,4.257138029765224,4.513858766098449,3.659953570223161,3.838183748920373,1.889234599443082,67.30202964130355
Uruguay,2022,1.2904492808032562,4.146253214804603,4.530195927798776,4.530195927798776,-0.2233216140000439,4.464572606707027,4.6119835277348775,4.270337338546953,4.513848426166389,3.655168034171713,2.963884083047296,1.8440363135643405,67.68104835889122
Uruguay,2023,1.2904492808032562,4.189795067314174,4.530195927798776,4.268685704379358,-0.6948672334338909,4.463036562993165,4.6119835277348775,4.291280381600039,4.430623698940526,3.655168034171713,2.6820073290065607,1.8440363135643405,61.54028549974151
